--
-- PostgreSQL database dump
--

-- Dumped from database version 17.2
-- Dumped by pg_dump version 17.2

-- Started on 2025-01-19 21:10:56

SET statement_timeout = 0;
SET lock_timeout = 0;
SET idle_in_transaction_session_timeout = 0;
SET transaction_timeout = 0;
SET client_encoding = 'UTF8';
SET standard_conforming_strings = on;
SELECT pg_catalog.set_config('search_path', '', false);
SET check_function_bodies = false;
SET xmloption = content;
SET client_min_messages = warning;
SET row_security = off;

SET default_tablespace = '';

SET default_table_access_method = heap;

--
-- TOC entry 252 (class 1259 OID 16579)
-- Name: Personal; Type: TABLE; Schema: public; Owner: postgres
--

CREATE TABLE public."Personal" (
    personal_id integer NOT NULL,
    rut character varying(8) NOT NULL,
    dvrut character varying(1) NOT NULL,
    nombre character varying(100) NOT NULL,
    apepat character varying(50) NOT NULL,
    apemat character varying(50) NOT NULL,
    fechanac date,
    correo character varying(100) NOT NULL,
    direccion character varying(150),
    comuna_id integer,
    estcivil_id integer,
    region_id integer,
    sexo_id integer
);


ALTER TABLE public."Personal" OWNER TO postgres;

--
-- TOC entry 251 (class 1259 OID 16578)
-- Name: Personal_personal_id_seq; Type: SEQUENCE; Schema: public; Owner: postgres
--

ALTER TABLE public."Personal" ALTER COLUMN personal_id ADD GENERATED BY DEFAULT AS IDENTITY (
    SEQUENCE NAME public."Personal_personal_id_seq"
    START WITH 1
    INCREMENT BY 1
    NO MINVALUE
    NO MAXVALUE
    CACHE 1
);


--
-- TOC entry 224 (class 1259 OID 16412)
-- Name: auth_group; Type: TABLE; Schema: public; Owner: postgres
--

CREATE TABLE public.auth_group (
    id integer NOT NULL,
    name character varying(150) NOT NULL
);


ALTER TABLE public.auth_group OWNER TO postgres;

--
-- TOC entry 223 (class 1259 OID 16411)
-- Name: auth_group_id_seq; Type: SEQUENCE; Schema: public; Owner: postgres
--

ALTER TABLE public.auth_group ALTER COLUMN id ADD GENERATED BY DEFAULT AS IDENTITY (
    SEQUENCE NAME public.auth_group_id_seq
    START WITH 1
    INCREMENT BY 1
    NO MINVALUE
    NO MAXVALUE
    CACHE 1
);


--
-- TOC entry 226 (class 1259 OID 16420)
-- Name: auth_group_permissions; Type: TABLE; Schema: public; Owner: postgres
--

CREATE TABLE public.auth_group_permissions (
    id bigint NOT NULL,
    group_id integer NOT NULL,
    permission_id integer NOT NULL
);


ALTER TABLE public.auth_group_permissions OWNER TO postgres;

--
-- TOC entry 225 (class 1259 OID 16419)
-- Name: auth_group_permissions_id_seq; Type: SEQUENCE; Schema: public; Owner: postgres
--

ALTER TABLE public.auth_group_permissions ALTER COLUMN id ADD GENERATED BY DEFAULT AS IDENTITY (
    SEQUENCE NAME public.auth_group_permissions_id_seq
    START WITH 1
    INCREMENT BY 1
    NO MINVALUE
    NO MAXVALUE
    CACHE 1
);


--
-- TOC entry 222 (class 1259 OID 16406)
-- Name: auth_permission; Type: TABLE; Schema: public; Owner: postgres
--

CREATE TABLE public.auth_permission (
    id integer NOT NULL,
    name character varying(255) NOT NULL,
    content_type_id integer NOT NULL,
    codename character varying(100) NOT NULL
);


ALTER TABLE public.auth_permission OWNER TO postgres;

--
-- TOC entry 221 (class 1259 OID 16405)
-- Name: auth_permission_id_seq; Type: SEQUENCE; Schema: public; Owner: postgres
--

ALTER TABLE public.auth_permission ALTER COLUMN id ADD GENERATED BY DEFAULT AS IDENTITY (
    SEQUENCE NAME public.auth_permission_id_seq
    START WITH 1
    INCREMENT BY 1
    NO MINVALUE
    NO MAXVALUE
    CACHE 1
);


--
-- TOC entry 228 (class 1259 OID 16426)
-- Name: auth_user; Type: TABLE; Schema: public; Owner: postgres
--

CREATE TABLE public.auth_user (
    id integer NOT NULL,
    password character varying(128) NOT NULL,
    last_login timestamp with time zone,
    is_superuser boolean NOT NULL,
    username character varying(150) NOT NULL,
    first_name character varying(150) NOT NULL,
    last_name character varying(150) NOT NULL,
    email character varying(254) NOT NULL,
    is_staff boolean NOT NULL,
    is_active boolean NOT NULL,
    date_joined timestamp with time zone NOT NULL
);


ALTER TABLE public.auth_user OWNER TO postgres;

--
-- TOC entry 230 (class 1259 OID 16434)
-- Name: auth_user_groups; Type: TABLE; Schema: public; Owner: postgres
--

CREATE TABLE public.auth_user_groups (
    id bigint NOT NULL,
    user_id integer NOT NULL,
    group_id integer NOT NULL
);


ALTER TABLE public.auth_user_groups OWNER TO postgres;

--
-- TOC entry 229 (class 1259 OID 16433)
-- Name: auth_user_groups_id_seq; Type: SEQUENCE; Schema: public; Owner: postgres
--

ALTER TABLE public.auth_user_groups ALTER COLUMN id ADD GENERATED BY DEFAULT AS IDENTITY (
    SEQUENCE NAME public.auth_user_groups_id_seq
    START WITH 1
    INCREMENT BY 1
    NO MINVALUE
    NO MAXVALUE
    CACHE 1
);


--
-- TOC entry 227 (class 1259 OID 16425)
-- Name: auth_user_id_seq; Type: SEQUENCE; Schema: public; Owner: postgres
--

ALTER TABLE public.auth_user ALTER COLUMN id ADD GENERATED BY DEFAULT AS IDENTITY (
    SEQUENCE NAME public.auth_user_id_seq
    START WITH 1
    INCREMENT BY 1
    NO MINVALUE
    NO MAXVALUE
    CACHE 1
);


--
-- TOC entry 232 (class 1259 OID 16440)
-- Name: auth_user_user_permissions; Type: TABLE; Schema: public; Owner: postgres
--

CREATE TABLE public.auth_user_user_permissions (
    id bigint NOT NULL,
    user_id integer NOT NULL,
    permission_id integer NOT NULL
);


ALTER TABLE public.auth_user_user_permissions OWNER TO postgres;

--
-- TOC entry 231 (class 1259 OID 16439)
-- Name: auth_user_user_permissions_id_seq; Type: SEQUENCE; Schema: public; Owner: postgres
--

ALTER TABLE public.auth_user_user_permissions ALTER COLUMN id ADD GENERATED BY DEFAULT AS IDENTITY (
    SEQUENCE NAME public.auth_user_user_permissions_id_seq
    START WITH 1
    INCREMENT BY 1
    NO MINVALUE
    NO MAXVALUE
    CACHE 1
);


--
-- TOC entry 236 (class 1259 OID 16527)
-- Name: comuna; Type: TABLE; Schema: public; Owner: postgres
--

CREATE TABLE public.comuna (
    comuna_id integer NOT NULL,
    comuna character varying(50) NOT NULL,
    region_id integer NOT NULL
);


ALTER TABLE public.comuna OWNER TO postgres;

--
-- TOC entry 235 (class 1259 OID 16526)
-- Name: comuna_comuna_id_seq; Type: SEQUENCE; Schema: public; Owner: postgres
--

ALTER TABLE public.comuna ALTER COLUMN comuna_id ADD GENERATED BY DEFAULT AS IDENTITY (
    SEQUENCE NAME public.comuna_comuna_id_seq
    START WITH 1
    INCREMENT BY 1
    NO MINVALUE
    NO MAXVALUE
    CACHE 1
);


--
-- TOC entry 234 (class 1259 OID 16498)
-- Name: django_admin_log; Type: TABLE; Schema: public; Owner: postgres
--

CREATE TABLE public.django_admin_log (
    id integer NOT NULL,
    action_time timestamp with time zone NOT NULL,
    object_id text,
    object_repr character varying(200) NOT NULL,
    action_flag smallint NOT NULL,
    change_message text NOT NULL,
    content_type_id integer,
    user_id integer NOT NULL,
    CONSTRAINT django_admin_log_action_flag_check CHECK ((action_flag >= 0))
);


ALTER TABLE public.django_admin_log OWNER TO postgres;

--
-- TOC entry 233 (class 1259 OID 16497)
-- Name: django_admin_log_id_seq; Type: SEQUENCE; Schema: public; Owner: postgres
--

ALTER TABLE public.django_admin_log ALTER COLUMN id ADD GENERATED BY DEFAULT AS IDENTITY (
    SEQUENCE NAME public.django_admin_log_id_seq
    START WITH 1
    INCREMENT BY 1
    NO MINVALUE
    NO MAXVALUE
    CACHE 1
);


--
-- TOC entry 220 (class 1259 OID 16398)
-- Name: django_content_type; Type: TABLE; Schema: public; Owner: postgres
--

CREATE TABLE public.django_content_type (
    id integer NOT NULL,
    app_label character varying(100) NOT NULL,
    model character varying(100) NOT NULL
);


ALTER TABLE public.django_content_type OWNER TO postgres;

--
-- TOC entry 219 (class 1259 OID 16397)
-- Name: django_content_type_id_seq; Type: SEQUENCE; Schema: public; Owner: postgres
--

ALTER TABLE public.django_content_type ALTER COLUMN id ADD GENERATED BY DEFAULT AS IDENTITY (
    SEQUENCE NAME public.django_content_type_id_seq
    START WITH 1
    INCREMENT BY 1
    NO MINVALUE
    NO MAXVALUE
    CACHE 1
);


--
-- TOC entry 218 (class 1259 OID 16390)
-- Name: django_migrations; Type: TABLE; Schema: public; Owner: postgres
--

CREATE TABLE public.django_migrations (
    id bigint NOT NULL,
    app character varying(255) NOT NULL,
    name character varying(255) NOT NULL,
    applied timestamp with time zone NOT NULL
);


ALTER TABLE public.django_migrations OWNER TO postgres;

--
-- TOC entry 217 (class 1259 OID 16389)
-- Name: django_migrations_id_seq; Type: SEQUENCE; Schema: public; Owner: postgres
--

ALTER TABLE public.django_migrations ALTER COLUMN id ADD GENERATED BY DEFAULT AS IDENTITY (
    SEQUENCE NAME public.django_migrations_id_seq
    START WITH 1
    INCREMENT BY 1
    NO MINVALUE
    NO MAXVALUE
    CACHE 1
);


--
-- TOC entry 257 (class 1259 OID 16689)
-- Name: django_session; Type: TABLE; Schema: public; Owner: postgres
--

CREATE TABLE public.django_session (
    session_key character varying(40) NOT NULL,
    session_data text NOT NULL,
    expire_date timestamp with time zone NOT NULL
);


ALTER TABLE public.django_session OWNER TO postgres;

--
-- TOC entry 240 (class 1259 OID 16539)
-- Name: estadocivil; Type: TABLE; Schema: public; Owner: postgres
--

CREATE TABLE public.estadocivil (
    estcivil_id integer NOT NULL,
    estadocivil character varying(50) NOT NULL
);


ALTER TABLE public.estadocivil OWNER TO postgres;

--
-- TOC entry 239 (class 1259 OID 16538)
-- Name: estadocivil_estcivil_id_seq; Type: SEQUENCE; Schema: public; Owner: postgres
--

ALTER TABLE public.estadocivil ALTER COLUMN estcivil_id ADD GENERATED BY DEFAULT AS IDENTITY (
    SEQUENCE NAME public.estadocivil_estcivil_id_seq
    START WITH 1
    INCREMENT BY 1
    NO MINVALUE
    NO MAXVALUE
    CACHE 1
);


--
-- TOC entry 242 (class 1259 OID 16545)
-- Name: region; Type: TABLE; Schema: public; Owner: postgres
--

CREATE TABLE public.region (
    region_id integer NOT NULL,
    region character varying(50) NOT NULL
);


ALTER TABLE public.region OWNER TO postgres;

--
-- TOC entry 241 (class 1259 OID 16544)
-- Name: region_region_id_seq; Type: SEQUENCE; Schema: public; Owner: postgres
--

ALTER TABLE public.region ALTER COLUMN region_id ADD GENERATED BY DEFAULT AS IDENTITY (
    SEQUENCE NAME public.region_region_id_seq
    START WITH 1
    INCREMENT BY 1
    NO MINVALUE
    NO MAXVALUE
    CACHE 1
);


--
-- TOC entry 256 (class 1259 OID 16600)
-- Name: rrhh_personal_ausentismo; Type: TABLE; Schema: public; Owner: postgres
--

CREATE TABLE public.rrhh_personal_ausentismo (
    ausentismo_id integer NOT NULL,
    fechaini date NOT NULL,
    fechafin date NOT NULL,
    observacion text,
    personal_id integer NOT NULL,
    tipoausen_id integer NOT NULL
);


ALTER TABLE public.rrhh_personal_ausentismo OWNER TO postgres;

--
-- TOC entry 255 (class 1259 OID 16599)
-- Name: rrhh_personal_ausentismo_ausentismo_id_seq; Type: SEQUENCE; Schema: public; Owner: postgres
--

ALTER TABLE public.rrhh_personal_ausentismo ALTER COLUMN ausentismo_id ADD GENERATED BY DEFAULT AS IDENTITY (
    SEQUENCE NAME public.rrhh_personal_ausentismo_ausentismo_id_seq
    START WITH 1
    INCREMENT BY 1
    NO MINVALUE
    NO MAXVALUE
    CACHE 1
);


--
-- TOC entry 248 (class 1259 OID 16563)
-- Name: rrhh_personal_cargo; Type: TABLE; Schema: public; Owner: postgres
--

CREATE TABLE public.rrhh_personal_cargo (
    cargo_id integer NOT NULL,
    cargo character varying(50) NOT NULL,
    depto_id integer NOT NULL
);


ALTER TABLE public.rrhh_personal_cargo OWNER TO postgres;

--
-- TOC entry 247 (class 1259 OID 16562)
-- Name: rrhh_personal_cargo_cargo_id_seq; Type: SEQUENCE; Schema: public; Owner: postgres
--

ALTER TABLE public.rrhh_personal_cargo ALTER COLUMN cargo_id ADD GENERATED BY DEFAULT AS IDENTITY (
    SEQUENCE NAME public.rrhh_personal_cargo_cargo_id_seq
    START WITH 1
    INCREMENT BY 1
    NO MINVALUE
    NO MAXVALUE
    CACHE 1
);


--
-- TOC entry 273 (class 1259 OID 16744)
-- Name: rrhh_personal_certificacion; Type: TABLE; Schema: public; Owner: postgres
--

CREATE TABLE public.rrhh_personal_certificacion (
    certif_id integer NOT NULL,
    "fechaEmision" date NOT NULL,
    "fechaVencimiento" date NOT NULL,
    "rutaDoc" character varying(100) NOT NULL,
    observacion text,
    personal_id integer NOT NULL,
    proveedor_id integer NOT NULL,
    "tipoCertificacion_id" integer NOT NULL
);


ALTER TABLE public.rrhh_personal_certificacion OWNER TO postgres;

--
-- TOC entry 272 (class 1259 OID 16743)
-- Name: rrhh_personal_certificacion_certif_id_seq; Type: SEQUENCE; Schema: public; Owner: postgres
--

ALTER TABLE public.rrhh_personal_certificacion ALTER COLUMN certif_id ADD GENERATED BY DEFAULT AS IDENTITY (
    SEQUENCE NAME public.rrhh_personal_certificacion_certif_id_seq
    START WITH 1
    INCREMENT BY 1
    NO MINVALUE
    NO MAXVALUE
    CACHE 1
);


--
-- TOC entry 259 (class 1259 OID 16700)
-- Name: rrhh_personal_claselicencia; Type: TABLE; Schema: public; Owner: postgres
--

CREATE TABLE public.rrhh_personal_claselicencia (
    "claseLicencia_id" integer NOT NULL,
    "claseLicencia" character varying(100) NOT NULL,
    "tipoLicencia_id" integer NOT NULL
);


ALTER TABLE public.rrhh_personal_claselicencia OWNER TO postgres;

--
-- TOC entry 258 (class 1259 OID 16699)
-- Name: rrhh_personal_claselicencia_claseLicencia_id_seq; Type: SEQUENCE; Schema: public; Owner: postgres
--

ALTER TABLE public.rrhh_personal_claselicencia ALTER COLUMN "claseLicencia_id" ADD GENERATED BY DEFAULT AS IDENTITY (
    SEQUENCE NAME public."rrhh_personal_claselicencia_claseLicencia_id_seq"
    START WITH 1
    INCREMENT BY 1
    NO MINVALUE
    NO MAXVALUE
    CACHE 1
);


--
-- TOC entry 275 (class 1259 OID 16752)
-- Name: rrhh_personal_clasificacionproveedor; Type: TABLE; Schema: public; Owner: postgres
--

CREATE TABLE public.rrhh_personal_clasificacionproveedor (
    "clasifProv_id" integer NOT NULL,
    proveedor_id integer NOT NULL,
    "tipoClasi_id" integer NOT NULL
);


ALTER TABLE public.rrhh_personal_clasificacionproveedor OWNER TO postgres;

--
-- TOC entry 274 (class 1259 OID 16751)
-- Name: rrhh_personal_clasificacionproveedor_clasifProv_id_seq; Type: SEQUENCE; Schema: public; Owner: postgres
--

ALTER TABLE public.rrhh_personal_clasificacionproveedor ALTER COLUMN "clasifProv_id" ADD GENERATED BY DEFAULT AS IDENTITY (
    SEQUENCE NAME public."rrhh_personal_clasificacionproveedor_clasifProv_id_seq"
    START WITH 1
    INCREMENT BY 1
    NO MINVALUE
    NO MAXVALUE
    CACHE 1
);


--
-- TOC entry 238 (class 1259 OID 16533)
-- Name: rrhh_personal_deptoempresa; Type: TABLE; Schema: public; Owner: postgres
--

CREATE TABLE public.rrhh_personal_deptoempresa (
    depto_id integer NOT NULL,
    depto character varying(50) NOT NULL
);


ALTER TABLE public.rrhh_personal_deptoempresa OWNER TO postgres;

--
-- TOC entry 237 (class 1259 OID 16532)
-- Name: rrhh_personal_deptoempresa_depto_id_seq; Type: SEQUENCE; Schema: public; Owner: postgres
--

ALTER TABLE public.rrhh_personal_deptoempresa ALTER COLUMN depto_id ADD GENERATED BY DEFAULT AS IDENTITY (
    SEQUENCE NAME public.rrhh_personal_deptoempresa_depto_id_seq
    START WITH 1
    INCREMENT BY 1
    NO MINVALUE
    NO MAXVALUE
    CACHE 1
);


--
-- TOC entry 250 (class 1259 OID 16569)
-- Name: rrhh_personal_empresa; Type: TABLE; Schema: public; Owner: postgres
--

CREATE TABLE public.rrhh_personal_empresa (
    empresa_id integer NOT NULL,
    rut character varying(8) NOT NULL,
    "dvRut" character varying(1) NOT NULL,
    "razonSocial" character varying(100) NOT NULL,
    "nombreFant" character varying(100),
    giro character varying(150) NOT NULL,
    direccion character varying(150) NOT NULL,
    telefono character varying(11),
    comuna_id integer,
    region_id integer
);


ALTER TABLE public.rrhh_personal_empresa OWNER TO postgres;

--
-- TOC entry 249 (class 1259 OID 16568)
-- Name: rrhh_personal_empresa_empresa_id_seq; Type: SEQUENCE; Schema: public; Owner: postgres
--

ALTER TABLE public.rrhh_personal_empresa ALTER COLUMN empresa_id ADD GENERATED BY DEFAULT AS IDENTITY (
    SEQUENCE NAME public.rrhh_personal_empresa_empresa_id_seq
    START WITH 1
    INCREMENT BY 1
    NO MINVALUE
    NO MAXVALUE
    CACHE 1
);


--
-- TOC entry 277 (class 1259 OID 16758)
-- Name: rrhh_personal_examen; Type: TABLE; Schema: public; Owner: postgres
--

CREATE TABLE public.rrhh_personal_examen (
    examen_id integer NOT NULL,
    "fechaEmision" date NOT NULL,
    "fechaVencimiento" date NOT NULL,
    "rutaDoc" character varying(256) NOT NULL,
    observacion text,
    personal_id integer NOT NULL,
    proveedor_id integer NOT NULL,
    "resultadoEx_id" integer NOT NULL,
    "tipoEx_id" integer NOT NULL
);


ALTER TABLE public.rrhh_personal_examen OWNER TO postgres;

--
-- TOC entry 276 (class 1259 OID 16757)
-- Name: rrhh_personal_examen_examen_id_seq; Type: SEQUENCE; Schema: public; Owner: postgres
--

ALTER TABLE public.rrhh_personal_examen ALTER COLUMN examen_id ADD GENERATED BY DEFAULT AS IDENTITY (
    SEQUENCE NAME public.rrhh_personal_examen_examen_id_seq
    START WITH 1
    INCREMENT BY 1
    NO MINVALUE
    NO MAXVALUE
    CACHE 1
);


--
-- TOC entry 254 (class 1259 OID 16589)
-- Name: rrhh_personal_infolaboral; Type: TABLE; Schema: public; Owner: postgres
--

CREATE TABLE public.rrhh_personal_infolaboral (
    infolab_id integer NOT NULL,
    fechacontrata date NOT NULL,
    cargo_id integer NOT NULL,
    depto_id integer NOT NULL,
    empresa_id integer NOT NULL,
    personal_id integer NOT NULL
);


ALTER TABLE public.rrhh_personal_infolaboral OWNER TO postgres;

--
-- TOC entry 253 (class 1259 OID 16588)
-- Name: rrhh_personal_infolaboral_infolab_id_seq; Type: SEQUENCE; Schema: public; Owner: postgres
--

ALTER TABLE public.rrhh_personal_infolaboral ALTER COLUMN infolab_id ADD GENERATED BY DEFAULT AS IDENTITY (
    SEQUENCE NAME public.rrhh_personal_infolaboral_infolab_id_seq
    START WITH 1
    INCREMENT BY 1
    NO MINVALUE
    NO MAXVALUE
    CACHE 1
);


--
-- TOC entry 279 (class 1259 OID 16766)
-- Name: rrhh_personal_licenciaporpersonal; Type: TABLE; Schema: public; Owner: postgres
--

CREATE TABLE public.rrhh_personal_licenciaporpersonal (
    "licenciaPorPersonal_id" integer NOT NULL,
    "fechaEmision" date NOT NULL,
    "fechaVencimiento" date NOT NULL,
    "rutaDoc" character varying(100) NOT NULL,
    observacion text,
    "claseLicencia_id" integer NOT NULL,
    personal_id integer NOT NULL,
    "tipoLicencia_id" integer NOT NULL
);


ALTER TABLE public.rrhh_personal_licenciaporpersonal OWNER TO postgres;

--
-- TOC entry 278 (class 1259 OID 16765)
-- Name: rrhh_personal_licenciaporpersonal_licenciaPorPersonal_id_seq; Type: SEQUENCE; Schema: public; Owner: postgres
--

ALTER TABLE public.rrhh_personal_licenciaporpersonal ALTER COLUMN "licenciaPorPersonal_id" ADD GENERATED BY DEFAULT AS IDENTITY (
    SEQUENCE NAME public."rrhh_personal_licenciaporpersonal_licenciaPorPersonal_id_seq"
    START WITH 1
    INCREMENT BY 1
    NO MINVALUE
    NO MAXVALUE
    CACHE 1
);


--
-- TOC entry 271 (class 1259 OID 16738)
-- Name: rrhh_personal_proveedor; Type: TABLE; Schema: public; Owner: postgres
--

CREATE TABLE public.rrhh_personal_proveedor (
    proveedor_id integer NOT NULL,
    rut character varying(8) NOT NULL,
    "dvRut" character varying(1) NOT NULL,
    "razonSocial" character varying(100) NOT NULL,
    "nombreFant" character varying(100),
    giro character varying(100) NOT NULL,
    direccion character varying(100) NOT NULL,
    comuna_id integer NOT NULL,
    region_id integer NOT NULL
);


ALTER TABLE public.rrhh_personal_proveedor OWNER TO postgres;

--
-- TOC entry 270 (class 1259 OID 16737)
-- Name: rrhh_personal_proveedor_proveedor_id_seq; Type: SEQUENCE; Schema: public; Owner: postgres
--

ALTER TABLE public.rrhh_personal_proveedor ALTER COLUMN proveedor_id ADD GENERATED BY DEFAULT AS IDENTITY (
    SEQUENCE NAME public.rrhh_personal_proveedor_proveedor_id_seq
    START WITH 1
    INCREMENT BY 1
    NO MINVALUE
    NO MAXVALUE
    CACHE 1
);


--
-- TOC entry 261 (class 1259 OID 16706)
-- Name: rrhh_personal_resultadoexamen; Type: TABLE; Schema: public; Owner: postgres
--

CREATE TABLE public.rrhh_personal_resultadoexamen (
    "resultadoEx_id" integer NOT NULL,
    resultado character varying(50) NOT NULL
);


ALTER TABLE public.rrhh_personal_resultadoexamen OWNER TO postgres;

--
-- TOC entry 260 (class 1259 OID 16705)
-- Name: rrhh_personal_resultadoexamen_resultadoEx_id_seq; Type: SEQUENCE; Schema: public; Owner: postgres
--

ALTER TABLE public.rrhh_personal_resultadoexamen ALTER COLUMN "resultadoEx_id" ADD GENERATED BY DEFAULT AS IDENTITY (
    SEQUENCE NAME public."rrhh_personal_resultadoexamen_resultadoEx_id_seq"
    START WITH 1
    INCREMENT BY 1
    NO MINVALUE
    NO MAXVALUE
    CACHE 1
);


--
-- TOC entry 246 (class 1259 OID 16557)
-- Name: rrhh_personal_tipoausentismo; Type: TABLE; Schema: public; Owner: postgres
--

CREATE TABLE public.rrhh_personal_tipoausentismo (
    tipoausen_id integer NOT NULL,
    tipo character varying(100) NOT NULL
);


ALTER TABLE public.rrhh_personal_tipoausentismo OWNER TO postgres;

--
-- TOC entry 245 (class 1259 OID 16556)
-- Name: rrhh_personal_tipoausentismo_tipoausen_id_seq; Type: SEQUENCE; Schema: public; Owner: postgres
--

ALTER TABLE public.rrhh_personal_tipoausentismo ALTER COLUMN tipoausen_id ADD GENERATED BY DEFAULT AS IDENTITY (
    SEQUENCE NAME public.rrhh_personal_tipoausentismo_tipoausen_id_seq
    START WITH 1
    INCREMENT BY 1
    NO MINVALUE
    NO MAXVALUE
    CACHE 1
);


--
-- TOC entry 263 (class 1259 OID 16712)
-- Name: rrhh_personal_tipocertificacion; Type: TABLE; Schema: public; Owner: postgres
--

CREATE TABLE public.rrhh_personal_tipocertificacion (
    "tipoCertificacion_id" integer NOT NULL,
    "tipoCertificacion" character varying(100) NOT NULL
);


ALTER TABLE public.rrhh_personal_tipocertificacion OWNER TO postgres;

--
-- TOC entry 262 (class 1259 OID 16711)
-- Name: rrhh_personal_tipocertificacion_tipoCertificacion_id_seq; Type: SEQUENCE; Schema: public; Owner: postgres
--

ALTER TABLE public.rrhh_personal_tipocertificacion ALTER COLUMN "tipoCertificacion_id" ADD GENERATED BY DEFAULT AS IDENTITY (
    SEQUENCE NAME public."rrhh_personal_tipocertificacion_tipoCertificacion_id_seq"
    START WITH 1
    INCREMENT BY 1
    NO MINVALUE
    NO MAXVALUE
    CACHE 1
);


--
-- TOC entry 265 (class 1259 OID 16718)
-- Name: rrhh_personal_tipoclasificacion; Type: TABLE; Schema: public; Owner: postgres
--

CREATE TABLE public.rrhh_personal_tipoclasificacion (
    "tipoClasi_id" integer NOT NULL,
    tipo character varying(50) NOT NULL
);


ALTER TABLE public.rrhh_personal_tipoclasificacion OWNER TO postgres;

--
-- TOC entry 264 (class 1259 OID 16717)
-- Name: rrhh_personal_tipoclasificacion_tipoClasi_id_seq; Type: SEQUENCE; Schema: public; Owner: postgres
--

ALTER TABLE public.rrhh_personal_tipoclasificacion ALTER COLUMN "tipoClasi_id" ADD GENERATED BY DEFAULT AS IDENTITY (
    SEQUENCE NAME public."rrhh_personal_tipoclasificacion_tipoClasi_id_seq"
    START WITH 1
    INCREMENT BY 1
    NO MINVALUE
    NO MAXVALUE
    CACHE 1
);


--
-- TOC entry 267 (class 1259 OID 16726)
-- Name: rrhh_personal_tipoexamen; Type: TABLE; Schema: public; Owner: postgres
--

CREATE TABLE public.rrhh_personal_tipoexamen (
    "tipoEx_id" integer NOT NULL,
    "tipoExamen" character varying(100) NOT NULL
);


ALTER TABLE public.rrhh_personal_tipoexamen OWNER TO postgres;

--
-- TOC entry 266 (class 1259 OID 16725)
-- Name: rrhh_personal_tipoexamen_tipoEx_id_seq; Type: SEQUENCE; Schema: public; Owner: postgres
--

ALTER TABLE public.rrhh_personal_tipoexamen ALTER COLUMN "tipoEx_id" ADD GENERATED BY DEFAULT AS IDENTITY (
    SEQUENCE NAME public."rrhh_personal_tipoexamen_tipoEx_id_seq"
    START WITH 1
    INCREMENT BY 1
    NO MINVALUE
    NO MAXVALUE
    CACHE 1
);


--
-- TOC entry 269 (class 1259 OID 16732)
-- Name: rrhh_personal_tipolicencia; Type: TABLE; Schema: public; Owner: postgres
--

CREATE TABLE public.rrhh_personal_tipolicencia (
    "tipoLicencia_id" integer NOT NULL,
    "tipoLicencia" character varying(100) NOT NULL
);


ALTER TABLE public.rrhh_personal_tipolicencia OWNER TO postgres;

--
-- TOC entry 268 (class 1259 OID 16731)
-- Name: rrhh_personal_tipolicencia_tipoLicencia_id_seq; Type: SEQUENCE; Schema: public; Owner: postgres
--

ALTER TABLE public.rrhh_personal_tipolicencia ALTER COLUMN "tipoLicencia_id" ADD GENERATED BY DEFAULT AS IDENTITY (
    SEQUENCE NAME public."rrhh_personal_tipolicencia_tipoLicencia_id_seq"
    START WITH 1
    INCREMENT BY 1
    NO MINVALUE
    NO MAXVALUE
    CACHE 1
);


--
-- TOC entry 244 (class 1259 OID 16551)
-- Name: sexo; Type: TABLE; Schema: public; Owner: postgres
--

CREATE TABLE public.sexo (
    sexo_id integer NOT NULL,
    sexo character varying(50) NOT NULL
);


ALTER TABLE public.sexo OWNER TO postgres;

--
-- TOC entry 243 (class 1259 OID 16550)
-- Name: sexo_sexo_id_seq; Type: SEQUENCE; Schema: public; Owner: postgres
--

ALTER TABLE public.sexo ALTER COLUMN sexo_id ADD GENERATED BY DEFAULT AS IDENTITY (
    SEQUENCE NAME public.sexo_sexo_id_seq
    START WITH 1
    INCREMENT BY 1
    NO MINVALUE
    NO MAXVALUE
    CACHE 1
);


--
-- TOC entry 5146 (class 0 OID 16579)
-- Dependencies: 252
-- Data for Name: Personal; Type: TABLE DATA; Schema: public; Owner: postgres
--

COPY public."Personal" (personal_id, rut, dvrut, nombre, apepat, apemat, fechanac, correo, direccion, comuna_id, estcivil_id, region_id, sexo_id) FROM stdin;
1	18372148	8	GUILLERMO RICARDO	DIAZ	FLORES	1994-12-31	MEMODIAZFLORES@GMAIL.COM	RANCAGUA 3591	2	1	1	1
2	17550807	4	KATHERINE	ORMEÑO	URRA	1990-12-31	KATHY@GMAIL.COM	RANCAGUA 3591	1	1	1	2
\.


--
-- TOC entry 5118 (class 0 OID 16412)
-- Dependencies: 224
-- Data for Name: auth_group; Type: TABLE DATA; Schema: public; Owner: postgres
--

COPY public.auth_group (id, name) FROM stdin;
\.


--
-- TOC entry 5120 (class 0 OID 16420)
-- Dependencies: 226
-- Data for Name: auth_group_permissions; Type: TABLE DATA; Schema: public; Owner: postgres
--

COPY public.auth_group_permissions (id, group_id, permission_id) FROM stdin;
\.


--
-- TOC entry 5116 (class 0 OID 16406)
-- Dependencies: 222
-- Data for Name: auth_permission; Type: TABLE DATA; Schema: public; Owner: postgres
--

COPY public.auth_permission (id, name, content_type_id, codename) FROM stdin;
1	Can add comuna	1	add_comuna
2	Can change comuna	1	change_comuna
3	Can delete comuna	1	delete_comuna
4	Can view comuna	1	view_comuna
5	Can add depto empresa	2	add_deptoempresa
6	Can change depto empresa	2	change_deptoempresa
7	Can delete depto empresa	2	delete_deptoempresa
8	Can view depto empresa	2	view_deptoempresa
9	Can add estado civil	3	add_estadocivil
10	Can change estado civil	3	change_estadocivil
11	Can delete estado civil	3	delete_estadocivil
12	Can view estado civil	3	view_estadocivil
13	Can add region	4	add_region
14	Can change region	4	change_region
15	Can delete region	4	delete_region
16	Can view region	4	view_region
17	Can add sexo	5	add_sexo
18	Can change sexo	5	change_sexo
19	Can delete sexo	5	delete_sexo
20	Can view sexo	5	view_sexo
21	Can add tipo ausentismo	6	add_tipoausentismo
22	Can change tipo ausentismo	6	change_tipoausentismo
23	Can delete tipo ausentismo	6	delete_tipoausentismo
24	Can view tipo ausentismo	6	view_tipoausentismo
25	Can add cargo	7	add_cargo
26	Can change cargo	7	change_cargo
27	Can delete cargo	7	delete_cargo
28	Can view cargo	7	view_cargo
29	Can add empresa	8	add_empresa
30	Can change empresa	8	change_empresa
31	Can delete empresa	8	delete_empresa
32	Can view empresa	8	view_empresa
33	Can add personal	9	add_personal
34	Can change personal	9	change_personal
35	Can delete personal	9	delete_personal
36	Can view personal	9	view_personal
37	Can add info laboral	10	add_infolaboral
38	Can change info laboral	10	change_infolaboral
39	Can delete info laboral	10	delete_infolaboral
40	Can view info laboral	10	view_infolaboral
41	Can add ausentismo	11	add_ausentismo
42	Can change ausentismo	11	change_ausentismo
43	Can delete ausentismo	11	delete_ausentismo
44	Can view ausentismo	11	view_ausentismo
45	Can add log entry	12	add_logentry
46	Can change log entry	12	change_logentry
47	Can delete log entry	12	delete_logentry
48	Can view log entry	12	view_logentry
49	Can add permission	13	add_permission
50	Can change permission	13	change_permission
51	Can delete permission	13	delete_permission
52	Can view permission	13	view_permission
53	Can add group	14	add_group
54	Can change group	14	change_group
55	Can delete group	14	delete_group
56	Can view group	14	view_group
57	Can add user	15	add_user
58	Can change user	15	change_user
59	Can delete user	15	delete_user
60	Can view user	15	view_user
61	Can add content type	16	add_contenttype
62	Can change content type	16	change_contenttype
63	Can delete content type	16	delete_contenttype
64	Can view content type	16	view_contenttype
65	Can add session	17	add_session
66	Can change session	17	change_session
67	Can delete session	17	delete_session
68	Can view session	17	view_session
69	Can add clase licencia	18	add_claselicencia
70	Can change clase licencia	18	change_claselicencia
71	Can delete clase licencia	18	delete_claselicencia
72	Can view clase licencia	18	view_claselicencia
73	Can add resultado examen	19	add_resultadoexamen
74	Can change resultado examen	19	change_resultadoexamen
75	Can delete resultado examen	19	delete_resultadoexamen
76	Can view resultado examen	19	view_resultadoexamen
77	Can add tipo certificacion	20	add_tipocertificacion
78	Can change tipo certificacion	20	change_tipocertificacion
79	Can delete tipo certificacion	20	delete_tipocertificacion
80	Can view tipo certificacion	20	view_tipocertificacion
81	Can add tipo clasificacion	21	add_tipoclasificacion
82	Can change tipo clasificacion	21	change_tipoclasificacion
83	Can delete tipo clasificacion	21	delete_tipoclasificacion
84	Can view tipo clasificacion	21	view_tipoclasificacion
85	Can add tipo examen	22	add_tipoexamen
86	Can change tipo examen	22	change_tipoexamen
87	Can delete tipo examen	22	delete_tipoexamen
88	Can view tipo examen	22	view_tipoexamen
89	Can add tipo licencia	23	add_tipolicencia
90	Can change tipo licencia	23	change_tipolicencia
91	Can delete tipo licencia	23	delete_tipolicencia
92	Can view tipo licencia	23	view_tipolicencia
93	Can add proveedor	24	add_proveedor
94	Can change proveedor	24	change_proveedor
95	Can delete proveedor	24	delete_proveedor
96	Can view proveedor	24	view_proveedor
97	Can add certificacion	25	add_certificacion
98	Can change certificacion	25	change_certificacion
99	Can delete certificacion	25	delete_certificacion
100	Can view certificacion	25	view_certificacion
101	Can add clasificacion proveedor	26	add_clasificacionproveedor
102	Can change clasificacion proveedor	26	change_clasificacionproveedor
103	Can delete clasificacion proveedor	26	delete_clasificacionproveedor
104	Can view clasificacion proveedor	26	view_clasificacionproveedor
105	Can add examen	27	add_examen
106	Can change examen	27	change_examen
107	Can delete examen	27	delete_examen
108	Can view examen	27	view_examen
109	Can add licencia por personal	28	add_licenciaporpersonal
110	Can change licencia por personal	28	change_licenciaporpersonal
111	Can delete licencia por personal	28	delete_licenciaporpersonal
112	Can view licencia por personal	28	view_licenciaporpersonal
\.


--
-- TOC entry 5122 (class 0 OID 16426)
-- Dependencies: 228
-- Data for Name: auth_user; Type: TABLE DATA; Schema: public; Owner: postgres
--

COPY public.auth_user (id, password, last_login, is_superuser, username, first_name, last_name, email, is_staff, is_active, date_joined) FROM stdin;
1	pbkdf2_sha256$870000$RN2TXAlCt6FcDHNNH8HX5P$71jv6YdM4Mujr/X/TL8QTeANYNSmeksZKzLm/YyJQkk=	2025-01-19 19:21:05.94827-03	t	gdiaz				t	t	2025-01-13 22:37:21.442008-03
\.


--
-- TOC entry 5124 (class 0 OID 16434)
-- Dependencies: 230
-- Data for Name: auth_user_groups; Type: TABLE DATA; Schema: public; Owner: postgres
--

COPY public.auth_user_groups (id, user_id, group_id) FROM stdin;
\.


--
-- TOC entry 5126 (class 0 OID 16440)
-- Dependencies: 232
-- Data for Name: auth_user_user_permissions; Type: TABLE DATA; Schema: public; Owner: postgres
--

COPY public.auth_user_user_permissions (id, user_id, permission_id) FROM stdin;
\.


--
-- TOC entry 5130 (class 0 OID 16527)
-- Dependencies: 236
-- Data for Name: comuna; Type: TABLE DATA; Schema: public; Owner: postgres
--

COPY public.comuna (comuna_id, comuna, region_id) FROM stdin;
1	Iquique	1
2	Alto Hospicio	1
3	Pozo Almonte	1
4	Camiña	1
5	Colchane	1
6	Huara	1
7	Copiapó	2
\.


--
-- TOC entry 5128 (class 0 OID 16498)
-- Dependencies: 234
-- Data for Name: django_admin_log; Type: TABLE DATA; Schema: public; Owner: postgres
--

COPY public.django_admin_log (id, action_time, object_id, object_repr, action_flag, change_message, content_type_id, user_id) FROM stdin;
1	2025-01-13 22:40:02.716354-03	1	Masculino	1	[{"added": {}}]	5	1
2	2025-01-13 22:40:08.76404-03	2	Femenino	1	[{"added": {}}]	5	1
3	2025-01-13 22:40:12.186986-03	3	Prefiero no decirlo	1	[{"added": {}}]	5	1
4	2025-01-13 22:40:15.520489-03	4	Otro	1	[{"added": {}}]	5	1
5	2025-01-13 22:40:22.511984-03	1	Tarapacá	1	[{"added": {}}]	4	1
6	2025-01-13 22:40:25.46657-03	2	Atacama	1	[{"added": {}}]	4	1
7	2025-01-13 22:40:36.816736-03	1	Casado/a	1	[{"added": {}}]	3	1
8	2025-01-13 22:40:41.034197-03	2	Soltero/a	1	[{"added": {}}]	3	1
9	2025-01-13 22:40:44.172151-03	3	Viudo/a	1	[{"added": {}}]	3	1
10	2025-01-13 22:40:47.502387-03	4	Divorciado/a	1	[{"added": {}}]	3	1
11	2025-01-13 22:40:51.392706-03	5	Separado/a	1	[{"added": {}}]	3	1
12	2025-01-13 22:41:04.968483-03	1	Iquique	1	[{"added": {}}]	1	1
13	2025-01-13 22:41:09.863596-03	2	Alto Hospicio	1	[{"added": {}}]	1	1
14	2025-01-13 22:41:14.589371-03	3	Pozo Almonte	1	[{"added": {}}]	1	1
15	2025-01-13 22:41:19.847066-03	4	Camiña	1	[{"added": {}}]	1	1
16	2025-01-13 22:41:24.16108-03	5	Colchane	1	[{"added": {}}]	1	1
17	2025-01-13 22:41:28.556542-03	6	Huara	1	[{"added": {}}]	1	1
18	2025-01-13 22:41:39.535002-03	7	Copiapó	1	[{"added": {}}]	1	1
19	2025-01-13 22:41:52.980971-03	1	Desarrollo	1	[{"added": {}}]	2	1
20	2025-01-13 22:41:56.063862-03	2	Contabilidad	1	[{"added": {}}]	2	1
21	2025-01-13 22:41:58.733497-03	3	Operaciones	1	[{"added": {}}]	2	1
22	2025-01-13 22:42:01.540601-03	4	Recursos Humanos	1	[{"added": {}}]	2	1
23	2025-01-13 22:42:05.097738-03	5	Gerencia	1	[{"added": {}}]	2	1
24	2025-01-13 22:42:08.113735-03	6	Maquinarias	1	[{"added": {}}]	2	1
25	2025-01-13 22:42:16.794468-03	1	Soporte TI	1	[{"added": {}}]	7	1
26	2025-01-13 22:42:20.906937-03	2	Informatico	1	[{"added": {}}]	7	1
27	2025-01-13 22:42:25.597714-03	3	Contador	1	[{"added": {}}]	7	1
28	2025-01-13 22:42:31.410501-03	4	Operador	1	[{"added": {}}]	7	1
29	2025-01-13 22:42:37.628484-03	5	Planificador	1	[{"added": {}}]	7	1
30	2025-01-13 22:42:45.142127-03	6	Jefe Recursos Humanos	1	[{"added": {}}]	7	1
31	2025-01-13 22:43:48.471605-03	1	BERMÚDEZ Y CASTILLO SERVICE S.A.	1	[{"added": {}}]	8	1
32	2025-01-19 19:21:19.095882-03	1	PROFESIONAL	1	[{"added": {}}]	23	1
33	2025-01-19 19:21:25.705691-03	2	NO PROFESIONAL	1	[{"added": {}}]	23	1
34	2025-01-19 19:21:29.398418-03	3	ESPECIAL	1	[{"added": {}}]	23	1
35	2025-01-19 19:21:47.488291-03	1	CLASE A1	1	[{"added": {}}]	18	1
36	2025-01-19 19:21:52.075409-03	2	CLASE A2	1	[{"added": {}}]	18	1
37	2025-01-19 19:21:57.30639-03	3	CLASE A3	1	[{"added": {}}]	18	1
38	2025-01-19 19:22:02.420818-03	4	CLASE A4	1	[{"added": {}}]	18	1
39	2025-01-19 19:22:07.208553-03	5	CLASE A5	1	[{"added": {}}]	18	1
40	2025-01-19 19:22:16.865127-03	6	CLASE B	1	[{"added": {}}]	18	1
41	2025-01-19 19:22:21.077869-03	7	CLASE C	1	[{"added": {}}]	18	1
42	2025-01-19 19:22:34.447098-03	7	CLASE C	2	[{"changed": {"fields": ["TipoLicencia id"]}}]	18	1
43	2025-01-19 19:22:43.202133-03	8	CLASE D	1	[{"added": {}}]	18	1
44	2025-01-19 19:22:49.246236-03	9	CLASE E	1	[{"added": {}}]	18	1
45	2025-01-19 19:22:53.632607-03	10	CLASE F	1	[{"added": {}}]	18	1
46	2025-01-19 20:45:39.281968-03	3	KATHERINE ORMEÑO URRA - CLASE A1	3		28	1
47	2025-01-19 20:45:39.282065-03	2	KATHERINE ORMEÑO URRA - CLASE A1	3		28	1
48	2025-01-19 20:45:39.282096-03	1	KATHERINE ORMEÑO URRA - CLASE A1	3		28	1
49	2025-01-19 20:48:45.320064-03	4	KATHERINE ORMEÑO URRA - CLASE A1	3		28	1
50	2025-01-19 20:52:39.788589-03	5	KATHERINE ORMEÑO URRA - CLASE A1	3		28	1
51	2025-01-19 20:54:35.24806-03	6	KATHERINE ORMEÑO URRA - CLASE A1	3		28	1
\.


--
-- TOC entry 5114 (class 0 OID 16398)
-- Dependencies: 220
-- Data for Name: django_content_type; Type: TABLE DATA; Schema: public; Owner: postgres
--

COPY public.django_content_type (id, app_label, model) FROM stdin;
1	rrhh_personal	comuna
2	rrhh_personal	deptoempresa
3	rrhh_personal	estadocivil
4	rrhh_personal	region
5	rrhh_personal	sexo
6	rrhh_personal	tipoausentismo
7	rrhh_personal	cargo
8	rrhh_personal	empresa
9	rrhh_personal	personal
10	rrhh_personal	infolaboral
11	rrhh_personal	ausentismo
12	admin	logentry
13	auth	permission
14	auth	group
15	auth	user
16	contenttypes	contenttype
17	sessions	session
18	rrhh_personal	claselicencia
19	rrhh_personal	resultadoexamen
20	rrhh_personal	tipocertificacion
21	rrhh_personal	tipoclasificacion
22	rrhh_personal	tipoexamen
23	rrhh_personal	tipolicencia
24	rrhh_personal	proveedor
25	rrhh_personal	certificacion
26	rrhh_personal	clasificacionproveedor
27	rrhh_personal	examen
28	rrhh_personal	licenciaporpersonal
\.


--
-- TOC entry 5112 (class 0 OID 16390)
-- Dependencies: 218
-- Data for Name: django_migrations; Type: TABLE DATA; Schema: public; Owner: postgres
--

COPY public.django_migrations (id, app, name, applied) FROM stdin;
1	contenttypes	0001_initial	2025-01-13 22:35:50.42366-03
2	auth	0001_initial	2025-01-13 22:35:50.485904-03
3	admin	0001_initial	2025-01-13 22:35:50.504511-03
4	admin	0002_logentry_remove_auto_add	2025-01-13 22:35:50.510227-03
5	admin	0003_logentry_add_action_flag_choices	2025-01-13 22:35:50.515723-03
6	contenttypes	0002_remove_content_type_name	2025-01-13 22:35:50.527145-03
7	auth	0002_alter_permission_name_max_length	2025-01-13 22:35:50.533868-03
8	auth	0003_alter_user_email_max_length	2025-01-13 22:35:50.539142-03
9	auth	0004_alter_user_username_opts	2025-01-13 22:35:50.544688-03
10	auth	0005_alter_user_last_login_null	2025-01-13 22:35:50.550283-03
11	auth	0006_require_contenttypes_0002	2025-01-13 22:35:50.550974-03
12	auth	0007_alter_validators_add_error_messages	2025-01-13 22:35:50.556251-03
13	auth	0008_alter_user_username_max_length	2025-01-13 22:35:50.56642-03
14	auth	0009_alter_user_last_name_max_length	2025-01-13 22:35:50.572554-03
15	auth	0010_alter_group_name_max_length	2025-01-13 22:35:50.578995-03
16	auth	0011_update_proxy_permissions	2025-01-13 22:35:50.584316-03
17	auth	0012_alter_user_first_name_max_length	2025-01-13 22:35:50.589898-03
18	rrhh_personal	0001_initial	2025-01-13 22:35:50.706777-03
19	sessions	0001_initial	2025-01-13 22:35:50.71784-03
20	rrhh_personal	0002_claselicencia_resultadoexamen_tipocertificacion_and_more	2025-01-19 18:50:29.854458-03
21	rrhh_personal	0003_alter_proveedor_dvrut_alter_proveedor_rut	2025-01-19 18:50:29.892231-03
22	rrhh_personal	0004_alter_certificacion_rutadoc_and_more	2025-01-19 18:50:29.933917-03
\.


--
-- TOC entry 5151 (class 0 OID 16689)
-- Dependencies: 257
-- Data for Name: django_session; Type: TABLE DATA; Schema: public; Owner: postgres
--

COPY public.django_session (session_key, session_data, expire_date) FROM stdin;
hm6dsfwmbmy0a1fr6smvqn9as34ljabn	.eJxVjDsOwjAQBe_iGlm2iX-U9DmDtbte4wBypDipEHeHSCmgfTPzXiLBtta0dV7SlMVFaHH63RDowW0H-Q7tNkua27pMKHdFHrTLcc78vB7u30GFXr910dZjROXQBhqYvWMi8oZwcAqtjcGwdoDEoIqxMYaiGPyZnVZREYr3B_m8OGQ:1tZdfF:dPCqpEqomwE-SlSbUIZhhesDZFMjNL9JUHOmoxz8nLk	2025-02-02 19:21:05.94962-03
\.


--
-- TOC entry 5134 (class 0 OID 16539)
-- Dependencies: 240
-- Data for Name: estadocivil; Type: TABLE DATA; Schema: public; Owner: postgres
--

COPY public.estadocivil (estcivil_id, estadocivil) FROM stdin;
1	Casado/a
2	Soltero/a
3	Viudo/a
4	Divorciado/a
5	Separado/a
\.


--
-- TOC entry 5136 (class 0 OID 16545)
-- Dependencies: 242
-- Data for Name: region; Type: TABLE DATA; Schema: public; Owner: postgres
--

COPY public.region (region_id, region) FROM stdin;
1	Tarapacá
2	Atacama
\.


--
-- TOC entry 5150 (class 0 OID 16600)
-- Dependencies: 256
-- Data for Name: rrhh_personal_ausentismo; Type: TABLE DATA; Schema: public; Owner: postgres
--

COPY public.rrhh_personal_ausentismo (ausentismo_id, fechaini, fechafin, observacion, personal_id, tipoausen_id) FROM stdin;
\.


--
-- TOC entry 5142 (class 0 OID 16563)
-- Dependencies: 248
-- Data for Name: rrhh_personal_cargo; Type: TABLE DATA; Schema: public; Owner: postgres
--

COPY public.rrhh_personal_cargo (cargo_id, cargo, depto_id) FROM stdin;
1	Soporte TI	1
2	Informatico	1
3	Contador	2
4	Operador	3
5	Planificador	3
6	Jefe Recursos Humanos	4
\.


--
-- TOC entry 5167 (class 0 OID 16744)
-- Dependencies: 273
-- Data for Name: rrhh_personal_certificacion; Type: TABLE DATA; Schema: public; Owner: postgres
--

COPY public.rrhh_personal_certificacion (certif_id, "fechaEmision", "fechaVencimiento", "rutaDoc", observacion, personal_id, proveedor_id, "tipoCertificacion_id") FROM stdin;
\.


--
-- TOC entry 5153 (class 0 OID 16700)
-- Dependencies: 259
-- Data for Name: rrhh_personal_claselicencia; Type: TABLE DATA; Schema: public; Owner: postgres
--

COPY public.rrhh_personal_claselicencia ("claseLicencia_id", "claseLicencia", "tipoLicencia_id") FROM stdin;
1	CLASE A1	1
2	CLASE A2	1
3	CLASE A3	1
4	CLASE A4	1
5	CLASE A5	1
6	CLASE B	2
7	CLASE C	2
8	CLASE D	3
9	CLASE E	3
10	CLASE F	3
\.


--
-- TOC entry 5169 (class 0 OID 16752)
-- Dependencies: 275
-- Data for Name: rrhh_personal_clasificacionproveedor; Type: TABLE DATA; Schema: public; Owner: postgres
--

COPY public.rrhh_personal_clasificacionproveedor ("clasifProv_id", proveedor_id, "tipoClasi_id") FROM stdin;
\.


--
-- TOC entry 5132 (class 0 OID 16533)
-- Dependencies: 238
-- Data for Name: rrhh_personal_deptoempresa; Type: TABLE DATA; Schema: public; Owner: postgres
--

COPY public.rrhh_personal_deptoempresa (depto_id, depto) FROM stdin;
1	Desarrollo
2	Contabilidad
3	Operaciones
4	Recursos Humanos
5	Gerencia
6	Maquinarias
\.


--
-- TOC entry 5144 (class 0 OID 16569)
-- Dependencies: 250
-- Data for Name: rrhh_personal_empresa; Type: TABLE DATA; Schema: public; Owner: postgres
--

COPY public.rrhh_personal_empresa (empresa_id, rut, "dvRut", "razonSocial", "nombreFant", giro, direccion, telefono, comuna_id, region_id) FROM stdin;
1	77145368	4	BERMÚDEZ Y CASTILLO SERVICE S.A.	GRÚAS BYC	SERVICIO DE ARRIENDO DE GRUAS DE ALTO TONELAJE	SANTA ROSA 4450	945134558	1	1
\.


--
-- TOC entry 5171 (class 0 OID 16758)
-- Dependencies: 277
-- Data for Name: rrhh_personal_examen; Type: TABLE DATA; Schema: public; Owner: postgres
--

COPY public.rrhh_personal_examen (examen_id, "fechaEmision", "fechaVencimiento", "rutaDoc", observacion, personal_id, proveedor_id, "resultadoEx_id", "tipoEx_id") FROM stdin;
\.


--
-- TOC entry 5148 (class 0 OID 16589)
-- Dependencies: 254
-- Data for Name: rrhh_personal_infolaboral; Type: TABLE DATA; Schema: public; Owner: postgres
--

COPY public.rrhh_personal_infolaboral (infolab_id, fechacontrata, cargo_id, depto_id, empresa_id, personal_id) FROM stdin;
1	2025-01-01	2	1	1	1
2	2024-12-31	3	2	1	2
\.


--
-- TOC entry 5173 (class 0 OID 16766)
-- Dependencies: 279
-- Data for Name: rrhh_personal_licenciaporpersonal; Type: TABLE DATA; Schema: public; Owner: postgres
--

COPY public.rrhh_personal_licenciaporpersonal ("licenciaPorPersonal_id", "fechaEmision", "fechaVencimiento", "rutaDoc", observacion, "claseLicencia_id", personal_id, "tipoLicencia_id") FROM stdin;
7	2024-12-30	2025-01-31	Licencias/RE76215634-2T033F0000759763GEN20241227T071403_aVCrfHZ.pdf	licencia caducada	2	2	1
8	2024-01-19	2025-01-19	Licencias/PdfViewMedia_4.pdf	Licencia vigente	6	1	2
9	2024-12-30	2025-01-18	Licencias/RE76215634-2T033F0000759763GEN20241227T071403_fakEHiR.pdf		3	2	1
\.


--
-- TOC entry 5165 (class 0 OID 16738)
-- Dependencies: 271
-- Data for Name: rrhh_personal_proveedor; Type: TABLE DATA; Schema: public; Owner: postgres
--

COPY public.rrhh_personal_proveedor (proveedor_id, rut, "dvRut", "razonSocial", "nombreFant", giro, direccion, comuna_id, region_id) FROM stdin;
\.


--
-- TOC entry 5155 (class 0 OID 16706)
-- Dependencies: 261
-- Data for Name: rrhh_personal_resultadoexamen; Type: TABLE DATA; Schema: public; Owner: postgres
--

COPY public.rrhh_personal_resultadoexamen ("resultadoEx_id", resultado) FROM stdin;
\.


--
-- TOC entry 5140 (class 0 OID 16557)
-- Dependencies: 246
-- Data for Name: rrhh_personal_tipoausentismo; Type: TABLE DATA; Schema: public; Owner: postgres
--

COPY public.rrhh_personal_tipoausentismo (tipoausen_id, tipo) FROM stdin;
\.


--
-- TOC entry 5157 (class 0 OID 16712)
-- Dependencies: 263
-- Data for Name: rrhh_personal_tipocertificacion; Type: TABLE DATA; Schema: public; Owner: postgres
--

COPY public.rrhh_personal_tipocertificacion ("tipoCertificacion_id", "tipoCertificacion") FROM stdin;
\.


--
-- TOC entry 5159 (class 0 OID 16718)
-- Dependencies: 265
-- Data for Name: rrhh_personal_tipoclasificacion; Type: TABLE DATA; Schema: public; Owner: postgres
--

COPY public.rrhh_personal_tipoclasificacion ("tipoClasi_id", tipo) FROM stdin;
\.


--
-- TOC entry 5161 (class 0 OID 16726)
-- Dependencies: 267
-- Data for Name: rrhh_personal_tipoexamen; Type: TABLE DATA; Schema: public; Owner: postgres
--

COPY public.rrhh_personal_tipoexamen ("tipoEx_id", "tipoExamen") FROM stdin;
\.


--
-- TOC entry 5163 (class 0 OID 16732)
-- Dependencies: 269
-- Data for Name: rrhh_personal_tipolicencia; Type: TABLE DATA; Schema: public; Owner: postgres
--

COPY public.rrhh_personal_tipolicencia ("tipoLicencia_id", "tipoLicencia") FROM stdin;
1	PROFESIONAL
2	NO PROFESIONAL
3	ESPECIAL
\.


--
-- TOC entry 5138 (class 0 OID 16551)
-- Dependencies: 244
-- Data for Name: sexo; Type: TABLE DATA; Schema: public; Owner: postgres
--

COPY public.sexo (sexo_id, sexo) FROM stdin;
1	Masculino
2	Femenino
3	Prefiero no decirlo
4	Otro
\.


--
-- TOC entry 5179 (class 0 OID 0)
-- Dependencies: 251
-- Name: Personal_personal_id_seq; Type: SEQUENCE SET; Schema: public; Owner: postgres
--

SELECT pg_catalog.setval('public."Personal_personal_id_seq"', 2, true);


--
-- TOC entry 5180 (class 0 OID 0)
-- Dependencies: 223
-- Name: auth_group_id_seq; Type: SEQUENCE SET; Schema: public; Owner: postgres
--

SELECT pg_catalog.setval('public.auth_group_id_seq', 1, false);


--
-- TOC entry 5181 (class 0 OID 0)
-- Dependencies: 225
-- Name: auth_group_permissions_id_seq; Type: SEQUENCE SET; Schema: public; Owner: postgres
--

SELECT pg_catalog.setval('public.auth_group_permissions_id_seq', 1, false);


--
-- TOC entry 5182 (class 0 OID 0)
-- Dependencies: 221
-- Name: auth_permission_id_seq; Type: SEQUENCE SET; Schema: public; Owner: postgres
--

SELECT pg_catalog.setval('public.auth_permission_id_seq', 112, true);


--
-- TOC entry 5183 (class 0 OID 0)
-- Dependencies: 229
-- Name: auth_user_groups_id_seq; Type: SEQUENCE SET; Schema: public; Owner: postgres
--

SELECT pg_catalog.setval('public.auth_user_groups_id_seq', 1, false);


--
-- TOC entry 5184 (class 0 OID 0)
-- Dependencies: 227
-- Name: auth_user_id_seq; Type: SEQUENCE SET; Schema: public; Owner: postgres
--

SELECT pg_catalog.setval('public.auth_user_id_seq', 1, true);


--
-- TOC entry 5185 (class 0 OID 0)
-- Dependencies: 231
-- Name: auth_user_user_permissions_id_seq; Type: SEQUENCE SET; Schema: public; Owner: postgres
--

SELECT pg_catalog.setval('public.auth_user_user_permissions_id_seq', 1, false);


--
-- TOC entry 5186 (class 0 OID 0)
-- Dependencies: 235
-- Name: comuna_comuna_id_seq; Type: SEQUENCE SET; Schema: public; Owner: postgres
--

SELECT pg_catalog.setval('public.comuna_comuna_id_seq', 7, true);


--
-- TOC entry 5187 (class 0 OID 0)
-- Dependencies: 233
-- Name: django_admin_log_id_seq; Type: SEQUENCE SET; Schema: public; Owner: postgres
--

SELECT pg_catalog.setval('public.django_admin_log_id_seq', 51, true);


--
-- TOC entry 5188 (class 0 OID 0)
-- Dependencies: 219
-- Name: django_content_type_id_seq; Type: SEQUENCE SET; Schema: public; Owner: postgres
--

SELECT pg_catalog.setval('public.django_content_type_id_seq', 28, true);


--
-- TOC entry 5189 (class 0 OID 0)
-- Dependencies: 217
-- Name: django_migrations_id_seq; Type: SEQUENCE SET; Schema: public; Owner: postgres
--

SELECT pg_catalog.setval('public.django_migrations_id_seq', 22, true);


--
-- TOC entry 5190 (class 0 OID 0)
-- Dependencies: 239
-- Name: estadocivil_estcivil_id_seq; Type: SEQUENCE SET; Schema: public; Owner: postgres
--

SELECT pg_catalog.setval('public.estadocivil_estcivil_id_seq', 5, true);


--
-- TOC entry 5191 (class 0 OID 0)
-- Dependencies: 241
-- Name: region_region_id_seq; Type: SEQUENCE SET; Schema: public; Owner: postgres
--

SELECT pg_catalog.setval('public.region_region_id_seq', 2, true);


--
-- TOC entry 5192 (class 0 OID 0)
-- Dependencies: 255
-- Name: rrhh_personal_ausentismo_ausentismo_id_seq; Type: SEQUENCE SET; Schema: public; Owner: postgres
--

SELECT pg_catalog.setval('public.rrhh_personal_ausentismo_ausentismo_id_seq', 1, false);


--
-- TOC entry 5193 (class 0 OID 0)
-- Dependencies: 247
-- Name: rrhh_personal_cargo_cargo_id_seq; Type: SEQUENCE SET; Schema: public; Owner: postgres
--

SELECT pg_catalog.setval('public.rrhh_personal_cargo_cargo_id_seq', 6, true);


--
-- TOC entry 5194 (class 0 OID 0)
-- Dependencies: 272
-- Name: rrhh_personal_certificacion_certif_id_seq; Type: SEQUENCE SET; Schema: public; Owner: postgres
--

SELECT pg_catalog.setval('public.rrhh_personal_certificacion_certif_id_seq', 1, false);


--
-- TOC entry 5195 (class 0 OID 0)
-- Dependencies: 258
-- Name: rrhh_personal_claselicencia_claseLicencia_id_seq; Type: SEQUENCE SET; Schema: public; Owner: postgres
--

SELECT pg_catalog.setval('public."rrhh_personal_claselicencia_claseLicencia_id_seq"', 10, true);


--
-- TOC entry 5196 (class 0 OID 0)
-- Dependencies: 274
-- Name: rrhh_personal_clasificacionproveedor_clasifProv_id_seq; Type: SEQUENCE SET; Schema: public; Owner: postgres
--

SELECT pg_catalog.setval('public."rrhh_personal_clasificacionproveedor_clasifProv_id_seq"', 1, false);


--
-- TOC entry 5197 (class 0 OID 0)
-- Dependencies: 237
-- Name: rrhh_personal_deptoempresa_depto_id_seq; Type: SEQUENCE SET; Schema: public; Owner: postgres
--

SELECT pg_catalog.setval('public.rrhh_personal_deptoempresa_depto_id_seq', 6, true);


--
-- TOC entry 5198 (class 0 OID 0)
-- Dependencies: 249
-- Name: rrhh_personal_empresa_empresa_id_seq; Type: SEQUENCE SET; Schema: public; Owner: postgres
--

SELECT pg_catalog.setval('public.rrhh_personal_empresa_empresa_id_seq', 1, true);


--
-- TOC entry 5199 (class 0 OID 0)
-- Dependencies: 276
-- Name: rrhh_personal_examen_examen_id_seq; Type: SEQUENCE SET; Schema: public; Owner: postgres
--

SELECT pg_catalog.setval('public.rrhh_personal_examen_examen_id_seq', 1, false);


--
-- TOC entry 5200 (class 0 OID 0)
-- Dependencies: 253
-- Name: rrhh_personal_infolaboral_infolab_id_seq; Type: SEQUENCE SET; Schema: public; Owner: postgres
--

SELECT pg_catalog.setval('public.rrhh_personal_infolaboral_infolab_id_seq', 2, true);


--
-- TOC entry 5201 (class 0 OID 0)
-- Dependencies: 278
-- Name: rrhh_personal_licenciaporpersonal_licenciaPorPersonal_id_seq; Type: SEQUENCE SET; Schema: public; Owner: postgres
--

SELECT pg_catalog.setval('public."rrhh_personal_licenciaporpersonal_licenciaPorPersonal_id_seq"', 9, true);


--
-- TOC entry 5202 (class 0 OID 0)
-- Dependencies: 270
-- Name: rrhh_personal_proveedor_proveedor_id_seq; Type: SEQUENCE SET; Schema: public; Owner: postgres
--

SELECT pg_catalog.setval('public.rrhh_personal_proveedor_proveedor_id_seq', 1, false);


--
-- TOC entry 5203 (class 0 OID 0)
-- Dependencies: 260
-- Name: rrhh_personal_resultadoexamen_resultadoEx_id_seq; Type: SEQUENCE SET; Schema: public; Owner: postgres
--

SELECT pg_catalog.setval('public."rrhh_personal_resultadoexamen_resultadoEx_id_seq"', 1, false);


--
-- TOC entry 5204 (class 0 OID 0)
-- Dependencies: 245
-- Name: rrhh_personal_tipoausentismo_tipoausen_id_seq; Type: SEQUENCE SET; Schema: public; Owner: postgres
--

SELECT pg_catalog.setval('public.rrhh_personal_tipoausentismo_tipoausen_id_seq', 1, false);


--
-- TOC entry 5205 (class 0 OID 0)
-- Dependencies: 262
-- Name: rrhh_personal_tipocertificacion_tipoCertificacion_id_seq; Type: SEQUENCE SET; Schema: public; Owner: postgres
--

SELECT pg_catalog.setval('public."rrhh_personal_tipocertificacion_tipoCertificacion_id_seq"', 1, false);


--
-- TOC entry 5206 (class 0 OID 0)
-- Dependencies: 264
-- Name: rrhh_personal_tipoclasificacion_tipoClasi_id_seq; Type: SEQUENCE SET; Schema: public; Owner: postgres
--

SELECT pg_catalog.setval('public."rrhh_personal_tipoclasificacion_tipoClasi_id_seq"', 1, false);


--
-- TOC entry 5207 (class 0 OID 0)
-- Dependencies: 266
-- Name: rrhh_personal_tipoexamen_tipoEx_id_seq; Type: SEQUENCE SET; Schema: public; Owner: postgres
--

SELECT pg_catalog.setval('public."rrhh_personal_tipoexamen_tipoEx_id_seq"', 1, false);


--
-- TOC entry 5208 (class 0 OID 0)
-- Dependencies: 268
-- Name: rrhh_personal_tipolicencia_tipoLicencia_id_seq; Type: SEQUENCE SET; Schema: public; Owner: postgres
--

SELECT pg_catalog.setval('public."rrhh_personal_tipolicencia_tipoLicencia_id_seq"', 3, true);


--
-- TOC entry 5209 (class 0 OID 0)
-- Dependencies: 243
-- Name: sexo_sexo_id_seq; Type: SEQUENCE SET; Schema: public; Owner: postgres
--

SELECT pg_catalog.setval('public.sexo_sexo_id_seq', 4, true);


--
-- TOC entry 4865 (class 2606 OID 16587)
-- Name: Personal Personal_correo_key; Type: CONSTRAINT; Schema: public; Owner: postgres
--

ALTER TABLE ONLY public."Personal"
    ADD CONSTRAINT "Personal_correo_key" UNIQUE (correo);


--
-- TOC entry 4868 (class 2606 OID 16583)
-- Name: Personal Personal_pkey; Type: CONSTRAINT; Schema: public; Owner: postgres
--

ALTER TABLE ONLY public."Personal"
    ADD CONSTRAINT "Personal_pkey" PRIMARY KEY (personal_id);


--
-- TOC entry 4872 (class 2606 OID 16585)
-- Name: Personal Personal_rut_key; Type: CONSTRAINT; Schema: public; Owner: postgres
--

ALTER TABLE ONLY public."Personal"
    ADD CONSTRAINT "Personal_rut_key" UNIQUE (rut);


--
-- TOC entry 4809 (class 2606 OID 16524)
-- Name: auth_group auth_group_name_key; Type: CONSTRAINT; Schema: public; Owner: postgres
--

ALTER TABLE ONLY public.auth_group
    ADD CONSTRAINT auth_group_name_key UNIQUE (name);


--
-- TOC entry 4814 (class 2606 OID 16455)
-- Name: auth_group_permissions auth_group_permissions_group_id_permission_id_0cd325b0_uniq; Type: CONSTRAINT; Schema: public; Owner: postgres
--

ALTER TABLE ONLY public.auth_group_permissions
    ADD CONSTRAINT auth_group_permissions_group_id_permission_id_0cd325b0_uniq UNIQUE (group_id, permission_id);


--
-- TOC entry 4817 (class 2606 OID 16424)
-- Name: auth_group_permissions auth_group_permissions_pkey; Type: CONSTRAINT; Schema: public; Owner: postgres
--

ALTER TABLE ONLY public.auth_group_permissions
    ADD CONSTRAINT auth_group_permissions_pkey PRIMARY KEY (id);


--
-- TOC entry 4811 (class 2606 OID 16416)
-- Name: auth_group auth_group_pkey; Type: CONSTRAINT; Schema: public; Owner: postgres
--

ALTER TABLE ONLY public.auth_group
    ADD CONSTRAINT auth_group_pkey PRIMARY KEY (id);


--
-- TOC entry 4804 (class 2606 OID 16446)
-- Name: auth_permission auth_permission_content_type_id_codename_01ab375a_uniq; Type: CONSTRAINT; Schema: public; Owner: postgres
--

ALTER TABLE ONLY public.auth_permission
    ADD CONSTRAINT auth_permission_content_type_id_codename_01ab375a_uniq UNIQUE (content_type_id, codename);


--
-- TOC entry 4806 (class 2606 OID 16410)
-- Name: auth_permission auth_permission_pkey; Type: CONSTRAINT; Schema: public; Owner: postgres
--

ALTER TABLE ONLY public.auth_permission
    ADD CONSTRAINT auth_permission_pkey PRIMARY KEY (id);


--
-- TOC entry 4825 (class 2606 OID 16438)
-- Name: auth_user_groups auth_user_groups_pkey; Type: CONSTRAINT; Schema: public; Owner: postgres
--

ALTER TABLE ONLY public.auth_user_groups
    ADD CONSTRAINT auth_user_groups_pkey PRIMARY KEY (id);


--
-- TOC entry 4828 (class 2606 OID 16470)
-- Name: auth_user_groups auth_user_groups_user_id_group_id_94350c0c_uniq; Type: CONSTRAINT; Schema: public; Owner: postgres
--

ALTER TABLE ONLY public.auth_user_groups
    ADD CONSTRAINT auth_user_groups_user_id_group_id_94350c0c_uniq UNIQUE (user_id, group_id);


--
-- TOC entry 4819 (class 2606 OID 16430)
-- Name: auth_user auth_user_pkey; Type: CONSTRAINT; Schema: public; Owner: postgres
--

ALTER TABLE ONLY public.auth_user
    ADD CONSTRAINT auth_user_pkey PRIMARY KEY (id);


--
-- TOC entry 4831 (class 2606 OID 16444)
-- Name: auth_user_user_permissions auth_user_user_permissions_pkey; Type: CONSTRAINT; Schema: public; Owner: postgres
--

ALTER TABLE ONLY public.auth_user_user_permissions
    ADD CONSTRAINT auth_user_user_permissions_pkey PRIMARY KEY (id);


--
-- TOC entry 4834 (class 2606 OID 16484)
-- Name: auth_user_user_permissions auth_user_user_permissions_user_id_permission_id_14a6b632_uniq; Type: CONSTRAINT; Schema: public; Owner: postgres
--

ALTER TABLE ONLY public.auth_user_user_permissions
    ADD CONSTRAINT auth_user_user_permissions_user_id_permission_id_14a6b632_uniq UNIQUE (user_id, permission_id);


--
-- TOC entry 4822 (class 2606 OID 16519)
-- Name: auth_user auth_user_username_key; Type: CONSTRAINT; Schema: public; Owner: postgres
--

ALTER TABLE ONLY public.auth_user
    ADD CONSTRAINT auth_user_username_key UNIQUE (username);


--
-- TOC entry 4840 (class 2606 OID 16531)
-- Name: comuna comuna_pkey; Type: CONSTRAINT; Schema: public; Owner: postgres
--

ALTER TABLE ONLY public.comuna
    ADD CONSTRAINT comuna_pkey PRIMARY KEY (comuna_id);


--
-- TOC entry 4837 (class 2606 OID 16505)
-- Name: django_admin_log django_admin_log_pkey; Type: CONSTRAINT; Schema: public; Owner: postgres
--

ALTER TABLE ONLY public.django_admin_log
    ADD CONSTRAINT django_admin_log_pkey PRIMARY KEY (id);


--
-- TOC entry 4799 (class 2606 OID 16404)
-- Name: django_content_type django_content_type_app_label_model_76bd3d3b_uniq; Type: CONSTRAINT; Schema: public; Owner: postgres
--

ALTER TABLE ONLY public.django_content_type
    ADD CONSTRAINT django_content_type_app_label_model_76bd3d3b_uniq UNIQUE (app_label, model);


--
-- TOC entry 4801 (class 2606 OID 16402)
-- Name: django_content_type django_content_type_pkey; Type: CONSTRAINT; Schema: public; Owner: postgres
--

ALTER TABLE ONLY public.django_content_type
    ADD CONSTRAINT django_content_type_pkey PRIMARY KEY (id);


--
-- TOC entry 4797 (class 2606 OID 16396)
-- Name: django_migrations django_migrations_pkey; Type: CONSTRAINT; Schema: public; Owner: postgres
--

ALTER TABLE ONLY public.django_migrations
    ADD CONSTRAINT django_migrations_pkey PRIMARY KEY (id);


--
-- TOC entry 4886 (class 2606 OID 16695)
-- Name: django_session django_session_pkey; Type: CONSTRAINT; Schema: public; Owner: postgres
--

ALTER TABLE ONLY public.django_session
    ADD CONSTRAINT django_session_pkey PRIMARY KEY (session_key);


--
-- TOC entry 4845 (class 2606 OID 16543)
-- Name: estadocivil estadocivil_pkey; Type: CONSTRAINT; Schema: public; Owner: postgres
--

ALTER TABLE ONLY public.estadocivil
    ADD CONSTRAINT estadocivil_pkey PRIMARY KEY (estcivil_id);


--
-- TOC entry 4847 (class 2606 OID 16549)
-- Name: region region_pkey; Type: CONSTRAINT; Schema: public; Owner: postgres
--

ALTER TABLE ONLY public.region
    ADD CONSTRAINT region_pkey PRIMARY KEY (region_id);


--
-- TOC entry 4882 (class 2606 OID 16606)
-- Name: rrhh_personal_ausentismo rrhh_personal_ausentismo_pkey; Type: CONSTRAINT; Schema: public; Owner: postgres
--

ALTER TABLE ONLY public.rrhh_personal_ausentismo
    ADD CONSTRAINT rrhh_personal_ausentismo_pkey PRIMARY KEY (ausentismo_id);


--
-- TOC entry 4854 (class 2606 OID 16567)
-- Name: rrhh_personal_cargo rrhh_personal_cargo_pkey; Type: CONSTRAINT; Schema: public; Owner: postgres
--

ALTER TABLE ONLY public.rrhh_personal_cargo
    ADD CONSTRAINT rrhh_personal_cargo_pkey PRIMARY KEY (cargo_id);


--
-- TOC entry 4910 (class 2606 OID 16750)
-- Name: rrhh_personal_certificacion rrhh_personal_certificacion_pkey; Type: CONSTRAINT; Schema: public; Owner: postgres
--

ALTER TABLE ONLY public.rrhh_personal_certificacion
    ADD CONSTRAINT rrhh_personal_certificacion_pkey PRIMARY KEY (certif_id);


--
-- TOC entry 4889 (class 2606 OID 16704)
-- Name: rrhh_personal_claselicencia rrhh_personal_claselicencia_pkey; Type: CONSTRAINT; Schema: public; Owner: postgres
--

ALTER TABLE ONLY public.rrhh_personal_claselicencia
    ADD CONSTRAINT rrhh_personal_claselicencia_pkey PRIMARY KEY ("claseLicencia_id");


--
-- TOC entry 4914 (class 2606 OID 16756)
-- Name: rrhh_personal_clasificacionproveedor rrhh_personal_clasificacionproveedor_pkey; Type: CONSTRAINT; Schema: public; Owner: postgres
--

ALTER TABLE ONLY public.rrhh_personal_clasificacionproveedor
    ADD CONSTRAINT rrhh_personal_clasificacionproveedor_pkey PRIMARY KEY ("clasifProv_id");


--
-- TOC entry 4843 (class 2606 OID 16537)
-- Name: rrhh_personal_deptoempresa rrhh_personal_deptoempresa_pkey; Type: CONSTRAINT; Schema: public; Owner: postgres
--

ALTER TABLE ONLY public.rrhh_personal_deptoempresa
    ADD CONSTRAINT rrhh_personal_deptoempresa_pkey PRIMARY KEY (depto_id);


--
-- TOC entry 4857 (class 2606 OID 16575)
-- Name: rrhh_personal_empresa rrhh_personal_empresa_pkey; Type: CONSTRAINT; Schema: public; Owner: postgres
--

ALTER TABLE ONLY public.rrhh_personal_empresa
    ADD CONSTRAINT rrhh_personal_empresa_pkey PRIMARY KEY (empresa_id);


--
-- TOC entry 4861 (class 2606 OID 16577)
-- Name: rrhh_personal_empresa rrhh_personal_empresa_rut_key; Type: CONSTRAINT; Schema: public; Owner: postgres
--

ALTER TABLE ONLY public.rrhh_personal_empresa
    ADD CONSTRAINT rrhh_personal_empresa_rut_key UNIQUE (rut);


--
-- TOC entry 4919 (class 2606 OID 16764)
-- Name: rrhh_personal_examen rrhh_personal_examen_pkey; Type: CONSTRAINT; Schema: public; Owner: postgres
--

ALTER TABLE ONLY public.rrhh_personal_examen
    ADD CONSTRAINT rrhh_personal_examen_pkey PRIMARY KEY (examen_id);


--
-- TOC entry 4879 (class 2606 OID 16593)
-- Name: rrhh_personal_infolaboral rrhh_personal_infolaboral_pkey; Type: CONSTRAINT; Schema: public; Owner: postgres
--

ALTER TABLE ONLY public.rrhh_personal_infolaboral
    ADD CONSTRAINT rrhh_personal_infolaboral_pkey PRIMARY KEY (infolab_id);


--
-- TOC entry 4926 (class 2606 OID 16772)
-- Name: rrhh_personal_licenciaporpersonal rrhh_personal_licenciaporpersonal_pkey; Type: CONSTRAINT; Schema: public; Owner: postgres
--

ALTER TABLE ONLY public.rrhh_personal_licenciaporpersonal
    ADD CONSTRAINT rrhh_personal_licenciaporpersonal_pkey PRIMARY KEY ("licenciaPorPersonal_id");


--
-- TOC entry 4906 (class 2606 OID 16742)
-- Name: rrhh_personal_proveedor rrhh_personal_proveedor_pkey; Type: CONSTRAINT; Schema: public; Owner: postgres
--

ALTER TABLE ONLY public.rrhh_personal_proveedor
    ADD CONSTRAINT rrhh_personal_proveedor_pkey PRIMARY KEY (proveedor_id);


--
-- TOC entry 4892 (class 2606 OID 16710)
-- Name: rrhh_personal_resultadoexamen rrhh_personal_resultadoexamen_pkey; Type: CONSTRAINT; Schema: public; Owner: postgres
--

ALTER TABLE ONLY public.rrhh_personal_resultadoexamen
    ADD CONSTRAINT rrhh_personal_resultadoexamen_pkey PRIMARY KEY ("resultadoEx_id");


--
-- TOC entry 4851 (class 2606 OID 16561)
-- Name: rrhh_personal_tipoausentismo rrhh_personal_tipoausentismo_pkey; Type: CONSTRAINT; Schema: public; Owner: postgres
--

ALTER TABLE ONLY public.rrhh_personal_tipoausentismo
    ADD CONSTRAINT rrhh_personal_tipoausentismo_pkey PRIMARY KEY (tipoausen_id);


--
-- TOC entry 4894 (class 2606 OID 16716)
-- Name: rrhh_personal_tipocertificacion rrhh_personal_tipocertificacion_pkey; Type: CONSTRAINT; Schema: public; Owner: postgres
--

ALTER TABLE ONLY public.rrhh_personal_tipocertificacion
    ADD CONSTRAINT rrhh_personal_tipocertificacion_pkey PRIMARY KEY ("tipoCertificacion_id");


--
-- TOC entry 4896 (class 2606 OID 16722)
-- Name: rrhh_personal_tipoclasificacion rrhh_personal_tipoclasificacion_pkey; Type: CONSTRAINT; Schema: public; Owner: postgres
--

ALTER TABLE ONLY public.rrhh_personal_tipoclasificacion
    ADD CONSTRAINT rrhh_personal_tipoclasificacion_pkey PRIMARY KEY ("tipoClasi_id");


--
-- TOC entry 4899 (class 2606 OID 16724)
-- Name: rrhh_personal_tipoclasificacion rrhh_personal_tipoclasificacion_tipo_key; Type: CONSTRAINT; Schema: public; Owner: postgres
--

ALTER TABLE ONLY public.rrhh_personal_tipoclasificacion
    ADD CONSTRAINT rrhh_personal_tipoclasificacion_tipo_key UNIQUE (tipo);


--
-- TOC entry 4901 (class 2606 OID 16730)
-- Name: rrhh_personal_tipoexamen rrhh_personal_tipoexamen_pkey; Type: CONSTRAINT; Schema: public; Owner: postgres
--

ALTER TABLE ONLY public.rrhh_personal_tipoexamen
    ADD CONSTRAINT rrhh_personal_tipoexamen_pkey PRIMARY KEY ("tipoEx_id");


--
-- TOC entry 4903 (class 2606 OID 16736)
-- Name: rrhh_personal_tipolicencia rrhh_personal_tipolicencia_pkey; Type: CONSTRAINT; Schema: public; Owner: postgres
--

ALTER TABLE ONLY public.rrhh_personal_tipolicencia
    ADD CONSTRAINT rrhh_personal_tipolicencia_pkey PRIMARY KEY ("tipoLicencia_id");


--
-- TOC entry 4849 (class 2606 OID 16555)
-- Name: sexo sexo_pkey; Type: CONSTRAINT; Schema: public; Owner: postgres
--

ALTER TABLE ONLY public.sexo
    ADD CONSTRAINT sexo_pkey PRIMARY KEY (sexo_id);


--
-- TOC entry 4862 (class 1259 OID 16648)
-- Name: Personal_comuna_id_323881a8; Type: INDEX; Schema: public; Owner: postgres
--

CREATE INDEX "Personal_comuna_id_323881a8" ON public."Personal" USING btree (comuna_id);


--
-- TOC entry 4863 (class 1259 OID 16647)
-- Name: Personal_correo_a1cad4d0_like; Type: INDEX; Schema: public; Owner: postgres
--

CREATE INDEX "Personal_correo_a1cad4d0_like" ON public."Personal" USING btree (correo varchar_pattern_ops);


--
-- TOC entry 4866 (class 1259 OID 16649)
-- Name: Personal_estcivil_id_b28dab31; Type: INDEX; Schema: public; Owner: postgres
--

CREATE INDEX "Personal_estcivil_id_b28dab31" ON public."Personal" USING btree (estcivil_id);


--
-- TOC entry 4869 (class 1259 OID 16650)
-- Name: Personal_region_id_540288b9; Type: INDEX; Schema: public; Owner: postgres
--

CREATE INDEX "Personal_region_id_540288b9" ON public."Personal" USING btree (region_id);


--
-- TOC entry 4870 (class 1259 OID 16646)
-- Name: Personal_rut_a9749192_like; Type: INDEX; Schema: public; Owner: postgres
--

CREATE INDEX "Personal_rut_a9749192_like" ON public."Personal" USING btree (rut varchar_pattern_ops);


--
-- TOC entry 4873 (class 1259 OID 16651)
-- Name: Personal_sexo_id_cfdc39c5; Type: INDEX; Schema: public; Owner: postgres
--

CREATE INDEX "Personal_sexo_id_cfdc39c5" ON public."Personal" USING btree (sexo_id);


--
-- TOC entry 4807 (class 1259 OID 16525)
-- Name: auth_group_name_a6ea08ec_like; Type: INDEX; Schema: public; Owner: postgres
--

CREATE INDEX auth_group_name_a6ea08ec_like ON public.auth_group USING btree (name varchar_pattern_ops);


--
-- TOC entry 4812 (class 1259 OID 16466)
-- Name: auth_group_permissions_group_id_b120cbf9; Type: INDEX; Schema: public; Owner: postgres
--

CREATE INDEX auth_group_permissions_group_id_b120cbf9 ON public.auth_group_permissions USING btree (group_id);


--
-- TOC entry 4815 (class 1259 OID 16467)
-- Name: auth_group_permissions_permission_id_84c5c92e; Type: INDEX; Schema: public; Owner: postgres
--

CREATE INDEX auth_group_permissions_permission_id_84c5c92e ON public.auth_group_permissions USING btree (permission_id);


--
-- TOC entry 4802 (class 1259 OID 16452)
-- Name: auth_permission_content_type_id_2f476e4b; Type: INDEX; Schema: public; Owner: postgres
--

CREATE INDEX auth_permission_content_type_id_2f476e4b ON public.auth_permission USING btree (content_type_id);


--
-- TOC entry 4823 (class 1259 OID 16482)
-- Name: auth_user_groups_group_id_97559544; Type: INDEX; Schema: public; Owner: postgres
--

CREATE INDEX auth_user_groups_group_id_97559544 ON public.auth_user_groups USING btree (group_id);


--
-- TOC entry 4826 (class 1259 OID 16481)
-- Name: auth_user_groups_user_id_6a12ed8b; Type: INDEX; Schema: public; Owner: postgres
--

CREATE INDEX auth_user_groups_user_id_6a12ed8b ON public.auth_user_groups USING btree (user_id);


--
-- TOC entry 4829 (class 1259 OID 16496)
-- Name: auth_user_user_permissions_permission_id_1fbb5f2c; Type: INDEX; Schema: public; Owner: postgres
--

CREATE INDEX auth_user_user_permissions_permission_id_1fbb5f2c ON public.auth_user_user_permissions USING btree (permission_id);


--
-- TOC entry 4832 (class 1259 OID 16495)
-- Name: auth_user_user_permissions_user_id_a95ead1b; Type: INDEX; Schema: public; Owner: postgres
--

CREATE INDEX auth_user_user_permissions_user_id_a95ead1b ON public.auth_user_user_permissions USING btree (user_id);


--
-- TOC entry 4820 (class 1259 OID 16520)
-- Name: auth_user_username_6821ab7c_like; Type: INDEX; Schema: public; Owner: postgres
--

CREATE INDEX auth_user_username_6821ab7c_like ON public.auth_user USING btree (username varchar_pattern_ops);


--
-- TOC entry 4841 (class 1259 OID 16676)
-- Name: comuna_region_id_1dd456cb; Type: INDEX; Schema: public; Owner: postgres
--

CREATE INDEX comuna_region_id_1dd456cb ON public.comuna USING btree (region_id);


--
-- TOC entry 4835 (class 1259 OID 16516)
-- Name: django_admin_log_content_type_id_c4bce8eb; Type: INDEX; Schema: public; Owner: postgres
--

CREATE INDEX django_admin_log_content_type_id_c4bce8eb ON public.django_admin_log USING btree (content_type_id);


--
-- TOC entry 4838 (class 1259 OID 16517)
-- Name: django_admin_log_user_id_c564eba6; Type: INDEX; Schema: public; Owner: postgres
--

CREATE INDEX django_admin_log_user_id_c564eba6 ON public.django_admin_log USING btree (user_id);


--
-- TOC entry 4884 (class 1259 OID 16697)
-- Name: django_session_expire_date_a5c62663; Type: INDEX; Schema: public; Owner: postgres
--

CREATE INDEX django_session_expire_date_a5c62663 ON public.django_session USING btree (expire_date);


--
-- TOC entry 4887 (class 1259 OID 16696)
-- Name: django_session_session_key_c0390e0f_like; Type: INDEX; Schema: public; Owner: postgres
--

CREATE INDEX django_session_session_key_c0390e0f_like ON public.django_session USING btree (session_key varchar_pattern_ops);


--
-- TOC entry 4880 (class 1259 OID 16687)
-- Name: rrhh_personal_ausentismo_personal_id_fbd75ad6; Type: INDEX; Schema: public; Owner: postgres
--

CREATE INDEX rrhh_personal_ausentismo_personal_id_fbd75ad6 ON public.rrhh_personal_ausentismo USING btree (personal_id);


--
-- TOC entry 4883 (class 1259 OID 16688)
-- Name: rrhh_personal_ausentismo_tipoausen_id_7882fcb3; Type: INDEX; Schema: public; Owner: postgres
--

CREATE INDEX rrhh_personal_ausentismo_tipoausen_id_7882fcb3 ON public.rrhh_personal_ausentismo USING btree (tipoausen_id);


--
-- TOC entry 4852 (class 1259 OID 16612)
-- Name: rrhh_personal_cargo_depto_id_1cc8cf98; Type: INDEX; Schema: public; Owner: postgres
--

CREATE INDEX rrhh_personal_cargo_depto_id_1cc8cf98 ON public.rrhh_personal_cargo USING btree (depto_id);


--
-- TOC entry 4908 (class 1259 OID 16806)
-- Name: rrhh_personal_certificacion_personal_id_e5a9dfc3; Type: INDEX; Schema: public; Owner: postgres
--

CREATE INDEX rrhh_personal_certificacion_personal_id_e5a9dfc3 ON public.rrhh_personal_certificacion USING btree (personal_id);


--
-- TOC entry 4911 (class 1259 OID 16807)
-- Name: rrhh_personal_certificacion_proveedor_id_333680bf; Type: INDEX; Schema: public; Owner: postgres
--

CREATE INDEX rrhh_personal_certificacion_proveedor_id_333680bf ON public.rrhh_personal_certificacion USING btree (proveedor_id);


--
-- TOC entry 4912 (class 1259 OID 16808)
-- Name: rrhh_personal_certificacion_tipoCertificacion_id_41c7415f; Type: INDEX; Schema: public; Owner: postgres
--

CREATE INDEX "rrhh_personal_certificacion_tipoCertificacion_id_41c7415f" ON public.rrhh_personal_certificacion USING btree ("tipoCertificacion_id");


--
-- TOC entry 4890 (class 1259 OID 16863)
-- Name: rrhh_personal_claselicencia_tipoLicencia_id_47a86587; Type: INDEX; Schema: public; Owner: postgres
--

CREATE INDEX "rrhh_personal_claselicencia_tipoLicencia_id_47a86587" ON public.rrhh_personal_claselicencia USING btree ("tipoLicencia_id");


--
-- TOC entry 4915 (class 1259 OID 16819)
-- Name: rrhh_personal_clasificacionproveedor_proveedor_id_a637d67a; Type: INDEX; Schema: public; Owner: postgres
--

CREATE INDEX rrhh_personal_clasificacionproveedor_proveedor_id_a637d67a ON public.rrhh_personal_clasificacionproveedor USING btree (proveedor_id);


--
-- TOC entry 4916 (class 1259 OID 16820)
-- Name: rrhh_personal_clasificacionproveedor_tipoClasi_id_d3f33fa0; Type: INDEX; Schema: public; Owner: postgres
--

CREATE INDEX "rrhh_personal_clasificacionproveedor_tipoClasi_id_d3f33fa0" ON public.rrhh_personal_clasificacionproveedor USING btree ("tipoClasi_id");


--
-- TOC entry 4855 (class 1259 OID 16624)
-- Name: rrhh_personal_empresa_comuna_id_a6cfce8b; Type: INDEX; Schema: public; Owner: postgres
--

CREATE INDEX rrhh_personal_empresa_comuna_id_a6cfce8b ON public.rrhh_personal_empresa USING btree (comuna_id);


--
-- TOC entry 4858 (class 1259 OID 16625)
-- Name: rrhh_personal_empresa_region_id_8b5a1efd; Type: INDEX; Schema: public; Owner: postgres
--

CREATE INDEX rrhh_personal_empresa_region_id_8b5a1efd ON public.rrhh_personal_empresa USING btree (region_id);


--
-- TOC entry 4859 (class 1259 OID 16623)
-- Name: rrhh_personal_empresa_rut_2e56c756_like; Type: INDEX; Schema: public; Owner: postgres
--

CREATE INDEX rrhh_personal_empresa_rut_2e56c756_like ON public.rrhh_personal_empresa USING btree (rut varchar_pattern_ops);


--
-- TOC entry 4917 (class 1259 OID 16841)
-- Name: rrhh_personal_examen_personal_id_b78bb65a; Type: INDEX; Schema: public; Owner: postgres
--

CREATE INDEX rrhh_personal_examen_personal_id_b78bb65a ON public.rrhh_personal_examen USING btree (personal_id);


--
-- TOC entry 4920 (class 1259 OID 16842)
-- Name: rrhh_personal_examen_proveedor_id_c7d7d5f1; Type: INDEX; Schema: public; Owner: postgres
--

CREATE INDEX rrhh_personal_examen_proveedor_id_c7d7d5f1 ON public.rrhh_personal_examen USING btree (proveedor_id);


--
-- TOC entry 4921 (class 1259 OID 16843)
-- Name: rrhh_personal_examen_resultadoEx_id_e22f2af7; Type: INDEX; Schema: public; Owner: postgres
--

CREATE INDEX "rrhh_personal_examen_resultadoEx_id_e22f2af7" ON public.rrhh_personal_examen USING btree ("resultadoEx_id");


--
-- TOC entry 4922 (class 1259 OID 16844)
-- Name: rrhh_personal_examen_tipoEx_id_dc7827f3; Type: INDEX; Schema: public; Owner: postgres
--

CREATE INDEX "rrhh_personal_examen_tipoEx_id_dc7827f3" ON public.rrhh_personal_examen USING btree ("tipoEx_id");


--
-- TOC entry 4874 (class 1259 OID 16672)
-- Name: rrhh_personal_infolaboral_cargo_id_eb592016; Type: INDEX; Schema: public; Owner: postgres
--

CREATE INDEX rrhh_personal_infolaboral_cargo_id_eb592016 ON public.rrhh_personal_infolaboral USING btree (cargo_id);


--
-- TOC entry 4875 (class 1259 OID 16673)
-- Name: rrhh_personal_infolaboral_depto_id_da86645b; Type: INDEX; Schema: public; Owner: postgres
--

CREATE INDEX rrhh_personal_infolaboral_depto_id_da86645b ON public.rrhh_personal_infolaboral USING btree (depto_id);


--
-- TOC entry 4876 (class 1259 OID 16674)
-- Name: rrhh_personal_infolaboral_empresa_id_738002d5; Type: INDEX; Schema: public; Owner: postgres
--

CREATE INDEX rrhh_personal_infolaboral_empresa_id_738002d5 ON public.rrhh_personal_infolaboral USING btree (empresa_id);


--
-- TOC entry 4877 (class 1259 OID 16675)
-- Name: rrhh_personal_infolaboral_personal_id_febbe32c; Type: INDEX; Schema: public; Owner: postgres
--

CREATE INDEX rrhh_personal_infolaboral_personal_id_febbe32c ON public.rrhh_personal_infolaboral USING btree (personal_id);


--
-- TOC entry 4923 (class 1259 OID 16860)
-- Name: rrhh_personal_licenciaporpersonal_claseLicencia_id_4ff5306b; Type: INDEX; Schema: public; Owner: postgres
--

CREATE INDEX "rrhh_personal_licenciaporpersonal_claseLicencia_id_4ff5306b" ON public.rrhh_personal_licenciaporpersonal USING btree ("claseLicencia_id");


--
-- TOC entry 4924 (class 1259 OID 16861)
-- Name: rrhh_personal_licenciaporpersonal_personal_id_e6d0a4b0; Type: INDEX; Schema: public; Owner: postgres
--

CREATE INDEX rrhh_personal_licenciaporpersonal_personal_id_e6d0a4b0 ON public.rrhh_personal_licenciaporpersonal USING btree (personal_id);


--
-- TOC entry 4927 (class 1259 OID 16862)
-- Name: rrhh_personal_licenciaporpersonal_tipoLicencia_id_03adecf2; Type: INDEX; Schema: public; Owner: postgres
--

CREATE INDEX "rrhh_personal_licenciaporpersonal_tipoLicencia_id_03adecf2" ON public.rrhh_personal_licenciaporpersonal USING btree ("tipoLicencia_id");


--
-- TOC entry 4904 (class 1259 OID 16789)
-- Name: rrhh_personal_proveedor_comuna_id_83b58f39; Type: INDEX; Schema: public; Owner: postgres
--

CREATE INDEX rrhh_personal_proveedor_comuna_id_83b58f39 ON public.rrhh_personal_proveedor USING btree (comuna_id);


--
-- TOC entry 4907 (class 1259 OID 16790)
-- Name: rrhh_personal_proveedor_region_id_27f15bbe; Type: INDEX; Schema: public; Owner: postgres
--

CREATE INDEX rrhh_personal_proveedor_region_id_27f15bbe ON public.rrhh_personal_proveedor USING btree (region_id);


--
-- TOC entry 4897 (class 1259 OID 16778)
-- Name: rrhh_personal_tipoclasificacion_tipo_ee9c1ca8_like; Type: INDEX; Schema: public; Owner: postgres
--

CREATE INDEX rrhh_personal_tipoclasificacion_tipo_ee9c1ca8_like ON public.rrhh_personal_tipoclasificacion USING btree (tipo varchar_pattern_ops);


--
-- TOC entry 4941 (class 2606 OID 16626)
-- Name: Personal Personal_comuna_id_323881a8_fk_comuna_comuna_id; Type: FK CONSTRAINT; Schema: public; Owner: postgres
--

ALTER TABLE ONLY public."Personal"
    ADD CONSTRAINT "Personal_comuna_id_323881a8_fk_comuna_comuna_id" FOREIGN KEY (comuna_id) REFERENCES public.comuna(comuna_id) DEFERRABLE INITIALLY DEFERRED;


--
-- TOC entry 4942 (class 2606 OID 16631)
-- Name: Personal Personal_estcivil_id_b28dab31_fk_estadocivil_estcivil_id; Type: FK CONSTRAINT; Schema: public; Owner: postgres
--

ALTER TABLE ONLY public."Personal"
    ADD CONSTRAINT "Personal_estcivil_id_b28dab31_fk_estadocivil_estcivil_id" FOREIGN KEY (estcivil_id) REFERENCES public.estadocivil(estcivil_id) DEFERRABLE INITIALLY DEFERRED;


--
-- TOC entry 4943 (class 2606 OID 16636)
-- Name: Personal Personal_region_id_540288b9_fk_region_region_id; Type: FK CONSTRAINT; Schema: public; Owner: postgres
--

ALTER TABLE ONLY public."Personal"
    ADD CONSTRAINT "Personal_region_id_540288b9_fk_region_region_id" FOREIGN KEY (region_id) REFERENCES public.region(region_id) DEFERRABLE INITIALLY DEFERRED;


--
-- TOC entry 4944 (class 2606 OID 16641)
-- Name: Personal Personal_sexo_id_cfdc39c5_fk_sexo_sexo_id; Type: FK CONSTRAINT; Schema: public; Owner: postgres
--

ALTER TABLE ONLY public."Personal"
    ADD CONSTRAINT "Personal_sexo_id_cfdc39c5_fk_sexo_sexo_id" FOREIGN KEY (sexo_id) REFERENCES public.sexo(sexo_id) DEFERRABLE INITIALLY DEFERRED;


--
-- TOC entry 4929 (class 2606 OID 16461)
-- Name: auth_group_permissions auth_group_permissio_permission_id_84c5c92e_fk_auth_perm; Type: FK CONSTRAINT; Schema: public; Owner: postgres
--

ALTER TABLE ONLY public.auth_group_permissions
    ADD CONSTRAINT auth_group_permissio_permission_id_84c5c92e_fk_auth_perm FOREIGN KEY (permission_id) REFERENCES public.auth_permission(id) DEFERRABLE INITIALLY DEFERRED;


--
-- TOC entry 4930 (class 2606 OID 16456)
-- Name: auth_group_permissions auth_group_permissions_group_id_b120cbf9_fk_auth_group_id; Type: FK CONSTRAINT; Schema: public; Owner: postgres
--

ALTER TABLE ONLY public.auth_group_permissions
    ADD CONSTRAINT auth_group_permissions_group_id_b120cbf9_fk_auth_group_id FOREIGN KEY (group_id) REFERENCES public.auth_group(id) DEFERRABLE INITIALLY DEFERRED;


--
-- TOC entry 4928 (class 2606 OID 16447)
-- Name: auth_permission auth_permission_content_type_id_2f476e4b_fk_django_co; Type: FK CONSTRAINT; Schema: public; Owner: postgres
--

ALTER TABLE ONLY public.auth_permission
    ADD CONSTRAINT auth_permission_content_type_id_2f476e4b_fk_django_co FOREIGN KEY (content_type_id) REFERENCES public.django_content_type(id) DEFERRABLE INITIALLY DEFERRED;


--
-- TOC entry 4931 (class 2606 OID 16476)
-- Name: auth_user_groups auth_user_groups_group_id_97559544_fk_auth_group_id; Type: FK CONSTRAINT; Schema: public; Owner: postgres
--

ALTER TABLE ONLY public.auth_user_groups
    ADD CONSTRAINT auth_user_groups_group_id_97559544_fk_auth_group_id FOREIGN KEY (group_id) REFERENCES public.auth_group(id) DEFERRABLE INITIALLY DEFERRED;


--
-- TOC entry 4932 (class 2606 OID 16471)
-- Name: auth_user_groups auth_user_groups_user_id_6a12ed8b_fk_auth_user_id; Type: FK CONSTRAINT; Schema: public; Owner: postgres
--

ALTER TABLE ONLY public.auth_user_groups
    ADD CONSTRAINT auth_user_groups_user_id_6a12ed8b_fk_auth_user_id FOREIGN KEY (user_id) REFERENCES public.auth_user(id) DEFERRABLE INITIALLY DEFERRED;


--
-- TOC entry 4933 (class 2606 OID 16490)
-- Name: auth_user_user_permissions auth_user_user_permi_permission_id_1fbb5f2c_fk_auth_perm; Type: FK CONSTRAINT; Schema: public; Owner: postgres
--

ALTER TABLE ONLY public.auth_user_user_permissions
    ADD CONSTRAINT auth_user_user_permi_permission_id_1fbb5f2c_fk_auth_perm FOREIGN KEY (permission_id) REFERENCES public.auth_permission(id) DEFERRABLE INITIALLY DEFERRED;


--
-- TOC entry 4934 (class 2606 OID 16485)
-- Name: auth_user_user_permissions auth_user_user_permissions_user_id_a95ead1b_fk_auth_user_id; Type: FK CONSTRAINT; Schema: public; Owner: postgres
--

ALTER TABLE ONLY public.auth_user_user_permissions
    ADD CONSTRAINT auth_user_user_permissions_user_id_a95ead1b_fk_auth_user_id FOREIGN KEY (user_id) REFERENCES public.auth_user(id) DEFERRABLE INITIALLY DEFERRED;


--
-- TOC entry 4937 (class 2606 OID 16594)
-- Name: comuna comuna_region_id_1dd456cb_fk_region_region_id; Type: FK CONSTRAINT; Schema: public; Owner: postgres
--

ALTER TABLE ONLY public.comuna
    ADD CONSTRAINT comuna_region_id_1dd456cb_fk_region_region_id FOREIGN KEY (region_id) REFERENCES public.region(region_id) DEFERRABLE INITIALLY DEFERRED;


--
-- TOC entry 4935 (class 2606 OID 16506)
-- Name: django_admin_log django_admin_log_content_type_id_c4bce8eb_fk_django_co; Type: FK CONSTRAINT; Schema: public; Owner: postgres
--

ALTER TABLE ONLY public.django_admin_log
    ADD CONSTRAINT django_admin_log_content_type_id_c4bce8eb_fk_django_co FOREIGN KEY (content_type_id) REFERENCES public.django_content_type(id) DEFERRABLE INITIALLY DEFERRED;


--
-- TOC entry 4936 (class 2606 OID 16511)
-- Name: django_admin_log django_admin_log_user_id_c564eba6_fk_auth_user_id; Type: FK CONSTRAINT; Schema: public; Owner: postgres
--

ALTER TABLE ONLY public.django_admin_log
    ADD CONSTRAINT django_admin_log_user_id_c564eba6_fk_auth_user_id FOREIGN KEY (user_id) REFERENCES public.auth_user(id) DEFERRABLE INITIALLY DEFERRED;


--
-- TOC entry 4949 (class 2606 OID 16677)
-- Name: rrhh_personal_ausentismo rrhh_personal_ausent_personal_id_fbd75ad6_fk_Personal_; Type: FK CONSTRAINT; Schema: public; Owner: postgres
--

ALTER TABLE ONLY public.rrhh_personal_ausentismo
    ADD CONSTRAINT "rrhh_personal_ausent_personal_id_fbd75ad6_fk_Personal_" FOREIGN KEY (personal_id) REFERENCES public."Personal"(personal_id) DEFERRABLE INITIALLY DEFERRED;


--
-- TOC entry 4950 (class 2606 OID 16682)
-- Name: rrhh_personal_ausentismo rrhh_personal_ausent_tipoausen_id_7882fcb3_fk_rrhh_pers; Type: FK CONSTRAINT; Schema: public; Owner: postgres
--

ALTER TABLE ONLY public.rrhh_personal_ausentismo
    ADD CONSTRAINT rrhh_personal_ausent_tipoausen_id_7882fcb3_fk_rrhh_pers FOREIGN KEY (tipoausen_id) REFERENCES public.rrhh_personal_tipoausentismo(tipoausen_id) DEFERRABLE INITIALLY DEFERRED;


--
-- TOC entry 4938 (class 2606 OID 16607)
-- Name: rrhh_personal_cargo rrhh_personal_cargo_depto_id_1cc8cf98_fk_rrhh_pers; Type: FK CONSTRAINT; Schema: public; Owner: postgres
--

ALTER TABLE ONLY public.rrhh_personal_cargo
    ADD CONSTRAINT rrhh_personal_cargo_depto_id_1cc8cf98_fk_rrhh_pers FOREIGN KEY (depto_id) REFERENCES public.rrhh_personal_deptoempresa(depto_id) DEFERRABLE INITIALLY DEFERRED;


--
-- TOC entry 4954 (class 2606 OID 16791)
-- Name: rrhh_personal_certificacion rrhh_personal_certif_personal_id_e5a9dfc3_fk_Personal_; Type: FK CONSTRAINT; Schema: public; Owner: postgres
--

ALTER TABLE ONLY public.rrhh_personal_certificacion
    ADD CONSTRAINT "rrhh_personal_certif_personal_id_e5a9dfc3_fk_Personal_" FOREIGN KEY (personal_id) REFERENCES public."Personal"(personal_id) DEFERRABLE INITIALLY DEFERRED;


--
-- TOC entry 4955 (class 2606 OID 16796)
-- Name: rrhh_personal_certificacion rrhh_personal_certif_proveedor_id_333680bf_fk_rrhh_pers; Type: FK CONSTRAINT; Schema: public; Owner: postgres
--

ALTER TABLE ONLY public.rrhh_personal_certificacion
    ADD CONSTRAINT rrhh_personal_certif_proveedor_id_333680bf_fk_rrhh_pers FOREIGN KEY (proveedor_id) REFERENCES public.rrhh_personal_proveedor(proveedor_id) DEFERRABLE INITIALLY DEFERRED;


--
-- TOC entry 4956 (class 2606 OID 16801)
-- Name: rrhh_personal_certificacion rrhh_personal_certif_tipoCertificacion_id_41c7415f_fk_rrhh_pers; Type: FK CONSTRAINT; Schema: public; Owner: postgres
--

ALTER TABLE ONLY public.rrhh_personal_certificacion
    ADD CONSTRAINT "rrhh_personal_certif_tipoCertificacion_id_41c7415f_fk_rrhh_pers" FOREIGN KEY ("tipoCertificacion_id") REFERENCES public.rrhh_personal_tipocertificacion("tipoCertificacion_id") DEFERRABLE INITIALLY DEFERRED;


--
-- TOC entry 4951 (class 2606 OID 16773)
-- Name: rrhh_personal_claselicencia rrhh_personal_clasel_tipoLicencia_id_47a86587_fk_rrhh_pers; Type: FK CONSTRAINT; Schema: public; Owner: postgres
--

ALTER TABLE ONLY public.rrhh_personal_claselicencia
    ADD CONSTRAINT "rrhh_personal_clasel_tipoLicencia_id_47a86587_fk_rrhh_pers" FOREIGN KEY ("tipoLicencia_id") REFERENCES public.rrhh_personal_tipolicencia("tipoLicencia_id") DEFERRABLE INITIALLY DEFERRED;


--
-- TOC entry 4957 (class 2606 OID 16809)
-- Name: rrhh_personal_clasificacionproveedor rrhh_personal_clasif_proveedor_id_a637d67a_fk_rrhh_pers; Type: FK CONSTRAINT; Schema: public; Owner: postgres
--

ALTER TABLE ONLY public.rrhh_personal_clasificacionproveedor
    ADD CONSTRAINT rrhh_personal_clasif_proveedor_id_a637d67a_fk_rrhh_pers FOREIGN KEY (proveedor_id) REFERENCES public.rrhh_personal_proveedor(proveedor_id) DEFERRABLE INITIALLY DEFERRED;


--
-- TOC entry 4958 (class 2606 OID 16814)
-- Name: rrhh_personal_clasificacionproveedor rrhh_personal_clasif_tipoClasi_id_d3f33fa0_fk_rrhh_pers; Type: FK CONSTRAINT; Schema: public; Owner: postgres
--

ALTER TABLE ONLY public.rrhh_personal_clasificacionproveedor
    ADD CONSTRAINT "rrhh_personal_clasif_tipoClasi_id_d3f33fa0_fk_rrhh_pers" FOREIGN KEY ("tipoClasi_id") REFERENCES public.rrhh_personal_tipoclasificacion("tipoClasi_id") DEFERRABLE INITIALLY DEFERRED;


--
-- TOC entry 4939 (class 2606 OID 16613)
-- Name: rrhh_personal_empresa rrhh_personal_empresa_comuna_id_a6cfce8b_fk_comuna_comuna_id; Type: FK CONSTRAINT; Schema: public; Owner: postgres
--

ALTER TABLE ONLY public.rrhh_personal_empresa
    ADD CONSTRAINT rrhh_personal_empresa_comuna_id_a6cfce8b_fk_comuna_comuna_id FOREIGN KEY (comuna_id) REFERENCES public.comuna(comuna_id) DEFERRABLE INITIALLY DEFERRED;


--
-- TOC entry 4940 (class 2606 OID 16618)
-- Name: rrhh_personal_empresa rrhh_personal_empresa_region_id_8b5a1efd_fk_region_region_id; Type: FK CONSTRAINT; Schema: public; Owner: postgres
--

ALTER TABLE ONLY public.rrhh_personal_empresa
    ADD CONSTRAINT rrhh_personal_empresa_region_id_8b5a1efd_fk_region_region_id FOREIGN KEY (region_id) REFERENCES public.region(region_id) DEFERRABLE INITIALLY DEFERRED;


--
-- TOC entry 4959 (class 2606 OID 16821)
-- Name: rrhh_personal_examen rrhh_personal_examen_personal_id_b78bb65a_fk_Personal_; Type: FK CONSTRAINT; Schema: public; Owner: postgres
--

ALTER TABLE ONLY public.rrhh_personal_examen
    ADD CONSTRAINT "rrhh_personal_examen_personal_id_b78bb65a_fk_Personal_" FOREIGN KEY (personal_id) REFERENCES public."Personal"(personal_id) DEFERRABLE INITIALLY DEFERRED;


--
-- TOC entry 4960 (class 2606 OID 16826)
-- Name: rrhh_personal_examen rrhh_personal_examen_proveedor_id_c7d7d5f1_fk_rrhh_pers; Type: FK CONSTRAINT; Schema: public; Owner: postgres
--

ALTER TABLE ONLY public.rrhh_personal_examen
    ADD CONSTRAINT rrhh_personal_examen_proveedor_id_c7d7d5f1_fk_rrhh_pers FOREIGN KEY (proveedor_id) REFERENCES public.rrhh_personal_proveedor(proveedor_id) DEFERRABLE INITIALLY DEFERRED;


--
-- TOC entry 4961 (class 2606 OID 16831)
-- Name: rrhh_personal_examen rrhh_personal_examen_resultadoEx_id_e22f2af7_fk_rrhh_pers; Type: FK CONSTRAINT; Schema: public; Owner: postgres
--

ALTER TABLE ONLY public.rrhh_personal_examen
    ADD CONSTRAINT "rrhh_personal_examen_resultadoEx_id_e22f2af7_fk_rrhh_pers" FOREIGN KEY ("resultadoEx_id") REFERENCES public.rrhh_personal_resultadoexamen("resultadoEx_id") DEFERRABLE INITIALLY DEFERRED;


--
-- TOC entry 4962 (class 2606 OID 16836)
-- Name: rrhh_personal_examen rrhh_personal_examen_tipoEx_id_dc7827f3_fk_rrhh_pers; Type: FK CONSTRAINT; Schema: public; Owner: postgres
--

ALTER TABLE ONLY public.rrhh_personal_examen
    ADD CONSTRAINT "rrhh_personal_examen_tipoEx_id_dc7827f3_fk_rrhh_pers" FOREIGN KEY ("tipoEx_id") REFERENCES public.rrhh_personal_tipoexamen("tipoEx_id") DEFERRABLE INITIALLY DEFERRED;


--
-- TOC entry 4945 (class 2606 OID 16652)
-- Name: rrhh_personal_infolaboral rrhh_personal_infola_cargo_id_eb592016_fk_rrhh_pers; Type: FK CONSTRAINT; Schema: public; Owner: postgres
--

ALTER TABLE ONLY public.rrhh_personal_infolaboral
    ADD CONSTRAINT rrhh_personal_infola_cargo_id_eb592016_fk_rrhh_pers FOREIGN KEY (cargo_id) REFERENCES public.rrhh_personal_cargo(cargo_id) DEFERRABLE INITIALLY DEFERRED;


--
-- TOC entry 4946 (class 2606 OID 16657)
-- Name: rrhh_personal_infolaboral rrhh_personal_infola_depto_id_da86645b_fk_rrhh_pers; Type: FK CONSTRAINT; Schema: public; Owner: postgres
--

ALTER TABLE ONLY public.rrhh_personal_infolaboral
    ADD CONSTRAINT rrhh_personal_infola_depto_id_da86645b_fk_rrhh_pers FOREIGN KEY (depto_id) REFERENCES public.rrhh_personal_deptoempresa(depto_id) DEFERRABLE INITIALLY DEFERRED;


--
-- TOC entry 4947 (class 2606 OID 16662)
-- Name: rrhh_personal_infolaboral rrhh_personal_infola_empresa_id_738002d5_fk_rrhh_pers; Type: FK CONSTRAINT; Schema: public; Owner: postgres
--

ALTER TABLE ONLY public.rrhh_personal_infolaboral
    ADD CONSTRAINT rrhh_personal_infola_empresa_id_738002d5_fk_rrhh_pers FOREIGN KEY (empresa_id) REFERENCES public.rrhh_personal_empresa(empresa_id) DEFERRABLE INITIALLY DEFERRED;


--
-- TOC entry 4948 (class 2606 OID 16667)
-- Name: rrhh_personal_infolaboral rrhh_personal_infola_personal_id_febbe32c_fk_Personal_; Type: FK CONSTRAINT; Schema: public; Owner: postgres
--

ALTER TABLE ONLY public.rrhh_personal_infolaboral
    ADD CONSTRAINT "rrhh_personal_infola_personal_id_febbe32c_fk_Personal_" FOREIGN KEY (personal_id) REFERENCES public."Personal"(personal_id) DEFERRABLE INITIALLY DEFERRED;


--
-- TOC entry 4963 (class 2606 OID 16845)
-- Name: rrhh_personal_licenciaporpersonal rrhh_personal_licenc_claseLicencia_id_4ff5306b_fk_rrhh_pers; Type: FK CONSTRAINT; Schema: public; Owner: postgres
--

ALTER TABLE ONLY public.rrhh_personal_licenciaporpersonal
    ADD CONSTRAINT "rrhh_personal_licenc_claseLicencia_id_4ff5306b_fk_rrhh_pers" FOREIGN KEY ("claseLicencia_id") REFERENCES public.rrhh_personal_claselicencia("claseLicencia_id") DEFERRABLE INITIALLY DEFERRED;


--
-- TOC entry 4964 (class 2606 OID 16850)
-- Name: rrhh_personal_licenciaporpersonal rrhh_personal_licenc_personal_id_e6d0a4b0_fk_Personal_; Type: FK CONSTRAINT; Schema: public; Owner: postgres
--

ALTER TABLE ONLY public.rrhh_personal_licenciaporpersonal
    ADD CONSTRAINT "rrhh_personal_licenc_personal_id_e6d0a4b0_fk_Personal_" FOREIGN KEY (personal_id) REFERENCES public."Personal"(personal_id) DEFERRABLE INITIALLY DEFERRED;


--
-- TOC entry 4965 (class 2606 OID 16855)
-- Name: rrhh_personal_licenciaporpersonal rrhh_personal_licenc_tipoLicencia_id_03adecf2_fk_rrhh_pers; Type: FK CONSTRAINT; Schema: public; Owner: postgres
--

ALTER TABLE ONLY public.rrhh_personal_licenciaporpersonal
    ADD CONSTRAINT "rrhh_personal_licenc_tipoLicencia_id_03adecf2_fk_rrhh_pers" FOREIGN KEY ("tipoLicencia_id") REFERENCES public.rrhh_personal_tipolicencia("tipoLicencia_id") DEFERRABLE INITIALLY DEFERRED;


--
-- TOC entry 4952 (class 2606 OID 16779)
-- Name: rrhh_personal_proveedor rrhh_personal_proveedor_comuna_id_83b58f39_fk_comuna_comuna_id; Type: FK CONSTRAINT; Schema: public; Owner: postgres
--

ALTER TABLE ONLY public.rrhh_personal_proveedor
    ADD CONSTRAINT rrhh_personal_proveedor_comuna_id_83b58f39_fk_comuna_comuna_id FOREIGN KEY (comuna_id) REFERENCES public.comuna(comuna_id) DEFERRABLE INITIALLY DEFERRED;


--
-- TOC entry 4953 (class 2606 OID 16784)
-- Name: rrhh_personal_proveedor rrhh_personal_proveedor_region_id_27f15bbe_fk_region_region_id; Type: FK CONSTRAINT; Schema: public; Owner: postgres
--

ALTER TABLE ONLY public.rrhh_personal_proveedor
    ADD CONSTRAINT rrhh_personal_proveedor_region_id_27f15bbe_fk_region_region_id FOREIGN KEY (region_id) REFERENCES public.region(region_id) DEFERRABLE INITIALLY DEFERRED;


-- Completed on 2025-01-19 21:10:56

--
-- PostgreSQL database dump complete
--

